close,high,low,open,volume,Name,date
^NSEI,^NSEI,^NSEI,^NSEI,^NSEI,,
5993.25,6006.0498046875,5982.0,5982.60009765625,0,NIFTY,2013-01-02
6009.5,6017.0,5986.5498046875,6015.7998046875,0,NIFTY,2013-01-03
6016.14990234375,6020.75,5981.5498046875,6011.9501953125,0,NIFTY,2013-01-04
5988.39990234375,6042.14990234375,5977.14990234375,6042.14990234375,0,NIFTY,2013-01-07
6001.7001953125,6007.0498046875,5964.39990234375,5983.4501953125,0,NIFTY,2013-01-08
5971.5,6020.10009765625,5958.4501953125,6006.2001953125,0,NIFTY,2013-01-09
5968.64990234375,6005.14990234375,5947.2998046875,5998.7998046875,0,NIFTY,2013-01-10
5951.2998046875,6018.85009765625,5940.60009765625,6012.39990234375,0,NIFTY,2013-01-11
6024.0498046875,6036.89990234375,5962.14990234375,5967.2001953125,0,NIFTY,2013-01-14
6056.60009765625,6068.5,6018.60009765625,6037.85009765625,0,NIFTY,2013-01-15
6001.85009765625,6055.9501953125,5992.0498046875,6049.0,0,NIFTY,2013-01-16
6039.2001953125,6053.2001953125,5988.10009765625,6001.25,0,NIFTY,2013-01-17
6064.39990234375,6083.39990234375,6048.2998046875,6059.85009765625,0,NIFTY,2013-01-18
6082.2998046875,6094.35009765625,6065.10009765625,6085.75,130900,NIFTY,2013-01-21
6048.5,6101.2998046875,6040.5,6080.14990234375,129000,NIFTY,2013-01-22
6054.2998046875,6069.7998046875,6021.14990234375,6052.85009765625,137000,NIFTY,2013-01-23
6019.35009765625,6065.2998046875,6007.85009765625,6046.2001953125,185200,NIFTY,2013-01-24
6074.64990234375,6080.5498046875,6014.4501953125,6024.5,147600,NIFTY,2013-01-25
6074.7998046875,6088.39990234375,6061.39990234375,6082.10009765625,113100,NIFTY,2013-01-28
6049.89990234375,6111.7998046875,6042.4501953125,6064.7001953125,157600,NIFTY,2013-01-29
6055.75,6071.9501953125,6044.14990234375,6065.0,124200,NIFTY,2013-01-30
6034.75,6058.0498046875,6025.14990234375,6045.64990234375,168500,NIFTY,2013-01-31
5998.89990234375,6052.9501953125,5983.2001953125,6040.9501953125,159300,NIFTY,2013-02-01
5987.25,6038.5,5981.25,6025.2001953125,141700,NIFTY,2013-02-04
5956.89990234375,5970.35009765625,5946.89990234375,5948.2001953125,136200,NIFTY,2013-02-05
5959.2001953125,5990.89990234375,5953.14990234375,5988.0498046875,157800,NIFTY,2013-02-06
5938.7998046875,5978.5,5927.60009765625,5936.4501953125,157600,NIFTY,2013-02-07
5903.5,5953.7001953125,5883.64990234375,5929.10009765625,192600,NIFTY,2013-02-08
5897.85009765625,5924.14990234375,5879.10009765625,5920.0498046875,122000,NIFTY,2013-02-11
5922.5,5927.64990234375,5886.4501953125,5894.35009765625,142800,NIFTY,2013-02-12
5932.9501953125,5969.5,5922.9501953125,5943.14990234375,142600,NIFTY,2013-02-13
5896.9501953125,5940.2001953125,5884.5498046875,5933.2001953125,143800,NIFTY,2013-02-14
5887.39990234375,5899.9501953125,5853.89990234375,5869.9501953125,125100,NIFTY,2013-02-15
5898.2001953125,5911.0,5878.4501953125,5888.64990234375,114300,NIFTY,2013-02-18
5939.7001953125,5947.5498046875,5883.14990234375,5900.2001953125,101000,NIFTY,2013-02-19
5943.0498046875,5971.0,5937.5498046875,5966.2998046875,135400,NIFTY,2013-02-20
5852.25,5921.14990234375,5844.39990234375,5909.64990234375,159400,NIFTY,2013-02-21
5850.2998046875,5873.7998046875,5835.7998046875,5837.9501953125,157000,NIFTY,2013-02-22
5854.75,5878.39990234375,5825.0,5870.5498046875,125100,NIFTY,2013-02-25
5761.35009765625,5838.85009765625,5748.60009765625,5838.2998046875,157400,NIFTY,2013-02-26
5796.89990234375,5818.2001953125,5749.7001953125,5784.89990234375,175200,NIFTY,2013-02-27
5693.0498046875,5849.89990234375,5671.89990234375,5834.35009765625,334900,NIFTY,2013-02-28
5719.7001953125,5739.4501953125,5679.89990234375,5702.4501953125,174500,NIFTY,2013-03-01
5698.5,5712.0,5663.60009765625,5704.7001953125,144900,NIFTY,2013-03-04
5784.25,5790.10009765625,5722.39990234375,5722.4501953125,154400,NIFTY,2013-03-05
5818.60009765625,5828.7001953125,5795.0498046875,5816.39990234375,156900,NIFTY,2013-03-06
5863.2998046875,5878.0,5801.2998046875,5801.2998046875,134700,NIFTY,2013-03-07
5945.7001953125,5952.85009765625,5883.0,5883.64990234375,150800,NIFTY,2013-03-08
5942.35009765625,5971.2001953125,5930.35009765625,5946.10009765625,125400,NIFTY,2013-03-11
5914.10009765625,5952.0,5893.64990234375,5944.60009765625,115900,NIFTY,2013-03-12
5851.2001953125,5893.85009765625,5842.25,5884.7998046875,116700,NIFTY,2013-03-13
5908.9501953125,5920.14990234375,5791.75,5845.9501953125,149000,NIFTY,2013-03-14
5872.60009765625,5945.64990234375,5861.0,5914.89990234375,152200,NIFTY,2013-03-15
5835.25,5850.2001953125,5814.35009765625,5816.75,102700,NIFTY,2013-03-18
5745.9501953125,5863.60009765625,5724.2998046875,5859.5,182300,NIFTY,2013-03-19
5694.39990234375,5745.2998046875,5682.2998046875,5740.5498046875,187600,NIFTY,2013-03-20
5658.75,5757.75,5647.9501953125,5705.89990234375,179200,NIFTY,2013-03-21
5651.35009765625,5691.4501953125,5631.7998046875,5659.7998046875,165300,NIFTY,2013-03-22
5633.85009765625,5718.39990234375,5624.39990234375,5707.2998046875,150400,NIFTY,2013-03-25
5641.60009765625,5655.2998046875,5612.0498046875,5613.75,126500,NIFTY,2013-03-26
5682.5498046875,5692.9501953125,5604.85009765625,5647.75,209700,NIFTY,2013-03-28
5704.39990234375,5720.9501953125,5675.89990234375,5697.35009765625,97800,NIFTY,2013-04-01
5748.10009765625,5754.60009765625,5687.14990234375,5701.7001953125,106400,NIFTY,2013-04-02
5672.89990234375,5744.9501953125,5650.10009765625,5740.2001953125,140700,NIFTY,2013-04-03
5574.75,5644.4501953125,5565.64990234375,5640.64990234375,134600,NIFTY,2013-04-04
5553.25,5577.2998046875,5534.7001953125,5568.10009765625,137500,NIFTY,2013-04-05
5542.9501953125,5569.2001953125,5537.0498046875,5550.5,97000,NIFTY,2013-04-08
5495.10009765625,5603.0498046875,5487.0,5568.75,138200,NIFTY,2013-04-09
5558.7001953125,5569.25,5477.2001953125,5536.25,128600,NIFTY,2013-04-10
5594.0,5610.64990234375,5542.85009765625,5601.64990234375,146800,NIFTY,2013-04-11
5528.5498046875,5544.5,5494.89990234375,5520.7001953125,127300,NIFTY,2013-04-12
5568.39990234375,5592.85009765625,5500.2998046875,5508.5,142900,NIFTY,2013-04-15
5688.9501953125,5699.25,5555.85009765625,5562.4501953125,142700,NIFTY,2013-04-16
5688.7001953125,5732.14990234375,5669.0,5708.64990234375,154600,NIFTY,2013-04-17
5783.10009765625,5794.35009765625,5681.85009765625,5682.7001953125,149900,NIFTY,2013-04-18
5834.39990234375,5844.85009765625,5789.7998046875,5789.85009765625,135100,NIFTY,2013-04-22
5836.89990234375,5844.2998046875,5791.5498046875,5843.10009765625,132200,NIFTY,2013-04-23
5916.2998046875,5924.60009765625,5853.2998046875,5856.10009765625,199600,NIFTY,2013-04-25
5871.4501953125,5907.0498046875,5860.5,5899.75,141300,NIFTY,2013-04-26
5904.10009765625,5918.64990234375,5868.7998046875,5877.60009765625,118900,NIFTY,2013-04-29
5930.2001953125,5962.2998046875,5867.7998046875,5932.60009765625,153200,NIFTY,2013-04-30
5999.35009765625,6019.4501953125,5910.9501953125,5911.39990234375,162400,NIFTY,2013-05-02
5944.0,6000.2998046875,5930.14990234375,5993.5,145800,NIFTY,2013-05-03
5971.0498046875,5976.5,5928.4501953125,5944.89990234375,110200,NIFTY,2013-05-06
6043.5498046875,6050.5,5982.9501953125,5983.4501953125,136400,NIFTY,2013-05-07
6069.2998046875,6083.5498046875,6024.9501953125,6064.14990234375,122300,NIFTY,2013-05-08
6050.14990234375,6084.7001953125,6040.4501953125,6078.35009765625,110000,NIFTY,2013-05-09
6094.75,6105.2998046875,6045.60009765625,6046.25,111400,NIFTY,2013-05-10
5980.4501953125,6104.9501953125,5972.89990234375,6098.2001953125,107900,NIFTY,2013-05-13
5995.39990234375,6026.2001953125,5970.0498046875,5989.7001953125,119300,NIFTY,2013-05-14
6146.75,6157.10009765625,6018.85009765625,6018.85009765625,153900,NIFTY,2013-05-15
6169.89990234375,6187.2998046875,6128.25,6128.25,158600,NIFTY,2013-05-16
6187.2998046875,6199.9501953125,6146.14990234375,6172.9501953125,147300,NIFTY,2013-05-17
6156.89990234375,6229.4501953125,6146.0498046875,6198.0,122300,NIFTY,2013-05-20
6114.10009765625,6180.25,6102.35009765625,6152.35009765625,130600,NIFTY,2013-05-21
6094.5,6147.60009765625,6074.4501953125,6127.0498046875,133800,NIFTY,2013-05-22
5967.0498046875,6081.4501953125,5955.7001953125,6050.39990234375,198900,NIFTY,2013-05-23
5983.5498046875,6015.2998046875,5936.7998046875,6010.7001953125,161600,NIFTY,2013-05-24
6083.14990234375,6099.89990234375,5975.5498046875,5989.39990234375,115100,NIFTY,2013-05-27
6111.25,6127.64990234375,6055.39990234375,6086.35009765625,139700,NIFTY,2013-05-28
6104.2998046875,6125.0498046875,6069.7998046875,6120.4501953125,120200,NIFTY,2013-05-29
6124.0498046875,6133.75,6072.14990234375,6072.14990234375,194100,NIFTY,2013-05-30
5985.9501953125,6106.25,5975.5498046875,6098.7001953125,175300,NIFTY,2013-05-31
5939.2998046875,6011.0,5916.35009765625,5997.35009765625,112100,NIFTY,2013-06-03
5919.4501953125,5981.60009765625,5910.25,5941.10009765625,114500,NIFTY,2013-06-04
5923.85009765625,5935.2001953125,5883.7001953125,5908.2998046875,110200,NIFTY,2013-06-05
5921.39990234375,5956.5498046875,5869.5,5895.0,114200,NIFTY,2013-06-06
5881.0,5972.7001953125,5871.2998046875,5900.0498046875,118300,NIFTY,2013-06-07
5878.0,5931.64990234375,5857.39990234375,5907.89990234375,100100,NIFTY,2013-06-10
5788.7998046875,5868.0498046875,5780.35009765625,5848.75,180900,NIFTY,2013-06-11
5760.2001953125,5792.89990234375,5738.60009765625,5771.75,140400,NIFTY,2013-06-12
5699.10009765625,5729.85009765625,5683.10009765625,5709.35009765625,142000,NIFTY,2013-06-13
5808.39990234375,5819.39990234375,5739.39990234375,5748.9501953125,124400,NIFTY,2013-06-14
5850.0498046875,5854.89990234375,5770.25,5820.39990234375,107200,NIFTY,2013-06-17
5813.60009765625,5863.39990234375,5804.2998046875,5841.89990234375,117500,NIFTY,2013-06-18
5822.25,5828.39990234375,5777.89990234375,5805.75,115500,NIFTY,2013-06-19
5655.89990234375,5755.0,5645.64990234375,5754.14990234375,198400,NIFTY,2013-06-20
5667.64990234375,5686.14990234375,5616.85009765625,5639.89990234375,182400,NIFTY,2013-06-21
5590.25,5640.0,5566.25,5638.0498046875,193500,NIFTY,2013-06-24
5609.10009765625,5666.25,5570.25,5606.9501953125,196600,NIFTY,2013-06-25
5588.7001953125,5635.25,5579.35009765625,5627.9501953125,160100,NIFTY,2013-06-26
5682.35009765625,5699.35009765625,5630.9501953125,5647.9501953125,239000,NIFTY,2013-06-27
5842.2001953125,5852.9501953125,5749.5,5749.5,214400,NIFTY,2013-06-28
5898.85009765625,5904.35009765625,5822.2001953125,5834.10009765625,144800,NIFTY,2013-07-01
5857.5498046875,5898.7998046875,5852.2998046875,5885.5,145700,NIFTY,2013-07-02
5770.89990234375,5815.0,5760.39990234375,5811.9501953125,160500,NIFTY,2013-07-03
5836.9501953125,5848.2001953125,5786.0498046875,5794.75,151900,NIFTY,2013-07-04
5867.89990234375,5900.4501953125,5858.4501953125,5889.9501953125,123600,NIFTY,2013-07-05
5811.5498046875,5833.85009765625,5775.5498046875,5833.14990234375,127600,NIFTY,2013-07-08
5859.0,5864.9501953125,5834.60009765625,5834.60009765625,110400,NIFTY,2013-07-09
5816.7001953125,5879.35009765625,5802.85009765625,5869.89990234375,117500,NIFTY,2013-07-10
5935.10009765625,5948.85009765625,5887.9501953125,5894.5,120200,NIFTY,2013-07-11
6009.0,6019.0,5951.14990234375,6000.5,127700,NIFTY,2013-07-12
6030.7998046875,6038.2001953125,5980.9501953125,5991.2001953125,116300,NIFTY,2013-07-15
5955.25,5966.0498046875,5910.9501953125,5930.7998046875,151200,NIFTY,2013-07-16
5973.2998046875,5989.7998046875,5926.75,5972.25,191500,NIFTY,2013-07-17
6038.0498046875,6051.10009765625,5974.5498046875,5984.7001953125,171700,NIFTY,2013-07-18
6029.2001953125,6066.85009765625,6020.25,6057.2001953125,163300,NIFTY,2013-07-19
6031.7998046875,6064.14990234375,6004.25,6009.75,115200,NIFTY,2013-07-22
6077.7998046875,6093.35009765625,6061.2998046875,6064.2998046875,126500,NIFTY,2013-07-23
5990.5,6047.25,5962.60009765625,6032.2001953125,151900,NIFTY,2013-07-24
5907.5,5990.64990234375,5896.39990234375,5970.39990234375,237100,NIFTY,2013-07-25
5886.2001953125,5944.5,5869.5,5937.9501953125,174500,NIFTY,2013-07-26
5831.64990234375,5886.0,5825.7998046875,5869.9501953125,173400,NIFTY,2013-07-29
5755.0498046875,5861.2998046875,5747.60009765625,5836.0498046875,181500,NIFTY,2013-07-30
5742.0,5752.10009765625,5675.75,5738.35009765625,235500,NIFTY,2013-07-31
5727.85009765625,5808.5,5676.85009765625,5776.89990234375,216800,NIFTY,2013-08-01
5677.89990234375,5761.85009765625,5649.0,5750.0498046875,222500,NIFTY,2013-08-02
5685.39990234375,5721.0,5661.5,5682.39990234375,197200,NIFTY,2013-08-05
5542.25,5664.89990234375,5521.7998046875,5664.89990234375,216200,NIFTY,2013-08-06
5519.10009765625,5561.4501953125,5486.85009765625,5549.2998046875,245000,NIFTY,2013-08-07
5565.64990234375,5577.60009765625,5510.0498046875,5510.0498046875,204900,NIFTY,2013-08-08
5612.39990234375,5644.10009765625,5557.10009765625,5606.7001953125,195700,NIFTY,2013-08-12
5699.2998046875,5704.75,5578.89990234375,5600.25,223000,NIFTY,2013-08-13
5742.2998046875,5754.5498046875,5690.2001953125,5715.39990234375,223700,NIFTY,2013-08-14
5507.85009765625,5716.60009765625,5496.0498046875,5705.4501953125,248100,NIFTY,2013-08-16
5414.75,5499.64990234375,5360.64990234375,5497.5498046875,219700,NIFTY,2013-08-19
5401.4501953125,5417.7998046875,5306.35009765625,5353.4501953125,261100,NIFTY,2013-08-20
5302.5498046875,5504.10009765625,5268.4501953125,5494.4501953125,255000,NIFTY,2013-08-21
5408.4501953125,5418.9501953125,5254.0498046875,5282.7998046875,284500,NIFTY,2013-08-22
5471.75,5478.7998046875,5377.7998046875,5428.75,251500,NIFTY,2013-08-23
5476.5,5528.7001953125,5454.4501953125,5499.39990234375,242000,NIFTY,2013-08-26
5287.4501953125,5427.39990234375,5274.25,5426.5,306000,NIFTY,2013-08-27
5285.0,5317.7001953125,5118.85009765625,5233.4501953125,336000,NIFTY,2013-08-28
5409.0498046875,5428.89990234375,5303.0,5316.5,326500,NIFTY,2013-08-29
5471.7998046875,5493.2998046875,5360.2001953125,5407.4501953125,336400,NIFTY,2013-08-30
5550.75,5564.89990234375,5478.85009765625,5480.25,214200,NIFTY,2013-09-02
5341.4501953125,5580.9501953125,5323.75,5574.7001953125,250300,NIFTY,2013-09-03
5448.10009765625,5460.25,5318.89990234375,5358.64990234375,237200,NIFTY,2013-09-04
5592.9501953125,5625.75,5552.7001953125,5553.75,274900,NIFTY,2013-09-05
5680.39990234375,5688.60009765625,5566.14990234375,5617.4501953125,253000,NIFTY,2013-09-06
5896.75,5904.85009765625,5738.2001953125,5738.5,275200,NIFTY,2013-09-10
5913.14990234375,5924.35009765625,5832.7001953125,5887.25,265000,NIFTY,2013-09-11
5850.7001953125,5932.0,5815.7998046875,5931.14990234375,273000,NIFTY,2013-09-12
5850.60009765625,5884.2998046875,5822.89990234375,5828.0,190800,NIFTY,2013-09-13
5840.5498046875,5957.25,5798.14990234375,5930.2998046875,219500,NIFTY,2013-09-16
5850.2001953125,5857.7998046875,5804.89990234375,5824.2001953125,157900,NIFTY,2013-09-17
5899.4501953125,5916.89990234375,5840.2001953125,5872.75,153600,NIFTY,2013-09-18
6115.5498046875,6142.5,6040.14990234375,6044.14990234375,287200,NIFTY,2013-09-19
6012.10009765625,6130.9501953125,5932.85009765625,6104.5498046875,318600,NIFTY,2013-09-20
5889.75,5989.39990234375,5871.39990234375,5945.7998046875,188300,NIFTY,2013-09-23
5892.4501953125,5938.39990234375,5854.5498046875,5855.0,187600,NIFTY,2013-09-24
5873.85009765625,5910.5498046875,5811.10009765625,5901.5498046875,200200,NIFTY,2013-09-25
5882.25,5917.64990234375,5864.10009765625,5872.7998046875,220600,NIFTY,2013-09-26
5833.2001953125,5909.2001953125,5819.2998046875,5905.5498046875,163100,NIFTY,2013-09-27
5735.2998046875,5810.2001953125,5718.5,5801.0498046875,155700,NIFTY,2013-09-30
5780.0498046875,5786.4501953125,5700.9501953125,5756.10009765625,159200,NIFTY,2013-10-01
5909.7001953125,5917.60009765625,5802.7001953125,5819.10009765625,199800,NIFTY,2013-10-03
5907.2998046875,5950.4501953125,5885.0,5891.2998046875,191500,NIFTY,2013-10-04
5906.14990234375,5912.0,5825.85009765625,5889.0498046875,156400,NIFTY,2013-10-07
5928.39990234375,5981.7001953125,5913.0,5975.0,158500,NIFTY,2013-10-08
6007.4501953125,6015.5,5877.10009765625,5893.25,192000,NIFTY,2013-10-09
6020.9501953125,6033.9501953125,5979.7998046875,6001.0498046875,159600,NIFTY,2013-10-10
6096.2001953125,6107.60009765625,6046.39990234375,6104.85009765625,180800,NIFTY,2013-10-11
6112.7001953125,6124.10009765625,6082.89990234375,6093.0,142200,NIFTY,2013-10-14
6089.0498046875,6156.2998046875,6056.5498046875,6147.5498046875,218300,NIFTY,2013-10-15
6045.85009765625,6110.75,6032.5498046875,6098.5,230600,NIFTY,2013-10-17
6189.35009765625,6201.4501953125,6070.89990234375,6070.89990234375,250300,NIFTY,2013-10-18
6204.9501953125,6218.9501953125,6163.2998046875,6202.0,197000,NIFTY,2013-10-21
6202.7998046875,6220.10009765625,6181.7998046875,6192.2998046875,161900,NIFTY,2013-10-22
6178.35009765625,6217.9501953125,6116.60009765625,6209.5498046875,188300,NIFTY,2013-10-23
6164.35009765625,6252.4501953125,6142.9501953125,6162.7998046875,148900,NIFTY,2013-10-24
6144.89990234375,6174.75,6125.9501953125,6154.0,144500,NIFTY,2013-10-25
6101.10009765625,6168.75,6094.10009765625,6155.10009765625,146300,NIFTY,2013-10-28
6220.89990234375,6228.0498046875,6079.2001953125,6107.5498046875,197300,NIFTY,2013-10-29
6251.7001953125,6269.2001953125,6222.60009765625,6230.7998046875,177600,NIFTY,2013-10-30
6299.14990234375,6309.0498046875,6235.89990234375,6237.14990234375,239600,NIFTY,2013-10-31
6307.2001953125,6332.60009765625,6286.9501953125,6289.75,191600,NIFTY,2013-11-01
6253.14990234375,6304.75,6244.2998046875,6282.14990234375,181100,NIFTY,2013-11-05
6215.14990234375,6269.7001953125,6208.7001953125,6260.5498046875,157100,NIFTY,2013-11-06
6187.25,6288.9501953125,6180.7998046875,6228.89990234375,168800,NIFTY,2013-11-07
6140.75,6185.14990234375,6120.9501953125,6170.14990234375,150100,NIFTY,2013-11-08
6078.7998046875,6141.64990234375,6067.75,6110.39990234375,146100,NIFTY,2013-11-11
6018.0498046875,6108.7001953125,6011.75,6087.25,153800,NIFTY,2013-11-12
5989.60009765625,6042.25,5972.4501953125,5998.85009765625,162500,NIFTY,2013-11-13
6056.14990234375,6101.64990234375,6036.64990234375,6037.0,154900,NIFTY,2013-11-14
6189.0,6196.7998046875,6110.39990234375,6111.0498046875,164000,NIFTY,2013-11-18
6203.35009765625,6212.39990234375,6180.2001953125,6197.25,161500,NIFTY,2013-11-19
6122.89990234375,6204.35009765625,6106.9501953125,6186.85009765625,155800,NIFTY,2013-11-20
5999.0498046875,6097.35009765625,5985.39990234375,6096.5,137200,NIFTY,2013-11-21
5995.4501953125,6049.60009765625,5972.7998046875,6027.35009765625,134800,NIFTY,2013-11-22
6115.35009765625,6123.5,6035.9501953125,6035.9501953125,127200,NIFTY,2013-11-25
6059.10009765625,6112.7001953125,6047.75,6099.25,150700,NIFTY,2013-11-26
6057.10009765625,6074.0,6030.2998046875,6062.7001953125,124900,NIFTY,2013-11-27
6091.85009765625,6112.9501953125,6068.2998046875,6092.0,195300,NIFTY,2013-11-28
6176.10009765625,6182.5,6103.7998046875,6103.89990234375,190700,NIFTY,2013-11-29
6217.85009765625,6228.7001953125,6171.14990234375,6171.14990234375,145900,NIFTY,2013-12-02
6201.85009765625,6225.39990234375,6191.39990234375,6204.25,156900,NIFTY,2013-12-03
6160.9501953125,6209.14990234375,6149.89990234375,6187.9501953125,186200,NIFTY,2013-12-04
6241.10009765625,6300.5498046875,6232.0,6262.4501953125,186100,NIFTY,2013-12-05
6259.89990234375,6275.35009765625,6230.75,6234.39990234375,158500,NIFTY,2013-12-06
6363.89990234375,6415.25,6345.0,6415.0,198300,NIFTY,2013-12-09
6332.85009765625,6362.25,6307.5498046875,6354.7001953125,242400,NIFTY,2013-12-10
6307.89990234375,6326.60009765625,6280.25,6307.2001953125,148200,NIFTY,2013-12-11
6237.0498046875,6286.85009765625,6230.5498046875,6276.75,148500,NIFTY,2013-12-12
6168.39990234375,6208.60009765625,6161.39990234375,6201.2998046875,169700,NIFTY,2013-12-13
6154.7001953125,6183.25,6146.0498046875,6168.35009765625,146500,NIFTY,2013-12-16
6139.0498046875,6190.5498046875,6133.0,6178.2001953125,154200,NIFTY,2013-12-17
6217.14990234375,6236.0,6129.9501953125,6129.9501953125,243300,NIFTY,2013-12-18
6166.64990234375,6263.75,6150.7001953125,6253.89990234375,437000,NIFTY,2013-12-19
6274.25,6284.5,6170.35009765625,6179.9501953125,172000,NIFTY,2013-12-20
6284.5,6317.5,6266.9501953125,6267.2001953125,131200,NIFTY,2013-12-23
6268.39990234375,6301.5,6262.0,6296.4501953125,107600,NIFTY,2013-12-24
6278.89990234375,6302.75,6259.4501953125,6270.10009765625,182300,NIFTY,2013-12-26
6313.7998046875,6324.89990234375,6289.39990234375,6292.7998046875,96900,NIFTY,2013-12-27
6291.10009765625,6344.0498046875,6273.14990234375,6336.39990234375,101300,NIFTY,2013-12-30
6304.0,6317.2998046875,6287.2998046875,6307.35009765625,103400,NIFTY,2013-12-31
6221.14990234375,6358.2998046875,6211.2998046875,6301.25,158100,NIFTY,2014-01-02
6211.14990234375,6221.7001953125,6171.25,6194.5498046875,139000,NIFTY,2014-01-03
6191.4501953125,6224.7001953125,6170.25,6220.85009765625,118300,NIFTY,2014-01-06
6162.25,6221.5,6144.75,6203.89990234375,138600,NIFTY,2014-01-07
6174.60009765625,6192.10009765625,6160.35009765625,6178.0498046875,146900,NIFTY,2014-01-08
6168.35009765625,6188.0498046875,6148.25,6181.7001953125,150100,NIFTY,2014-01-09
6171.4501953125,6239.10009765625,6139.60009765625,6178.85009765625,159900,NIFTY,2014-01-10
6272.75,6288.2001953125,6189.5498046875,6189.5498046875,135000,NIFTY,2014-01-13
6241.85009765625,6280.35009765625,6234.14990234375,6260.25,110200,NIFTY,2014-01-14
6320.89990234375,6325.2001953125,6265.2998046875,6265.9501953125,145900,NIFTY,2014-01-15
6318.89990234375,6346.5,6299.85009765625,6341.35009765625,153400,NIFTY,2014-01-16
6261.64990234375,6327.10009765625,6246.35009765625,6306.25,167700,NIFTY,2014-01-17
6303.9501953125,6307.4501953125,6243.35009765625,6261.75,122100,NIFTY,2014-01-20
6313.7998046875,6330.2998046875,6297.89990234375,6320.14990234375,141700,NIFTY,2014-01-21
6338.9501953125,6349.9501953125,6287.4501953125,6309.0498046875,137500,NIFTY,2014-01-22
6345.64990234375,6355.60009765625,6316.39990234375,6325.9501953125,120100,NIFTY,2014-01-23
6266.75,6331.4501953125,6263.89990234375,6301.64990234375,160300,NIFTY,2014-01-24
6135.85009765625,6188.5498046875,6130.25,6186.2998046875,190400,NIFTY,2014-01-27
6126.25,6163.60009765625,6085.9501953125,6131.85009765625,184100,NIFTY,2014-01-28
6120.25,6170.4501953125,6109.7998046875,6161.0,146700,NIFTY,2014-01-29
6073.7001953125,6082.85009765625,6027.25,6067.0,208100,NIFTY,2014-01-30
6089.5,6097.85009765625,6067.35009765625,6082.75,146700,NIFTY,2014-01-31
6001.7998046875,6074.85009765625,5994.4501953125,6058.7998046875,134900,NIFTY,2014-02-03
6000.89990234375,6017.7998046875,5933.2998046875,5947.60009765625,183300,NIFTY,2014-02-04
6022.39990234375,6028.0498046875,5962.0498046875,6004.25,166600,NIFTY,2014-02-05
6036.2998046875,6048.35009765625,5965.39990234375,6028.35009765625,185500,NIFTY,2014-02-06
6063.2001953125,6079.9501953125,6030.89990234375,6077.64990234375,181900,NIFTY,2014-02-07
6053.4501953125,6083.0498046875,6046.39990234375,6072.7998046875,133100,NIFTY,2014-02-10
6062.7001953125,6081.85009765625,6053.25,6072.4501953125,150500,NIFTY,2014-02-11
6084.0,6106.60009765625,6077.39990234375,6085.35009765625,138500,NIFTY,2014-02-12
6001.10009765625,6094.39990234375,5991.10009765625,6087.5498046875,153700,NIFTY,2014-02-13
6048.35009765625,6056.39990234375,5984.60009765625,6023.75,140200,NIFTY,2014-02-14
6127.10009765625,6141.7001953125,6066.7998046875,6071.2998046875,126600,NIFTY,2014-02-18
6152.75,6160.35009765625,6125.75,6132.0498046875,95200,NIFTY,2014-02-19
6091.4501953125,6129.10009765625,6086.4501953125,6127.14990234375,132100,NIFTY,2014-02-20
6155.4501953125,6159.64990234375,6108.0,6108.2998046875,112600,NIFTY,2014-02-21
6186.10009765625,6191.85009765625,6130.7998046875,6140.9501953125,144900,NIFTY,2014-02-24
6200.0498046875,6216.85009765625,6176.60009765625,6205.7001953125,146300,NIFTY,2014-02-25
6238.7998046875,6245.9501953125,6202.10009765625,6202.4501953125,181700,NIFTY,2014-02-26
6276.9501953125,6282.7001953125,6228.10009765625,6228.4501953125,180600,NIFTY,2014-02-28
6221.4501953125,6277.75,6212.25,6264.35009765625,144600,NIFTY,2014-03-03
6297.9501953125,6302.14990234375,6215.7001953125,6216.75,166800,NIFTY,2014-03-04
6328.64990234375,6336.25,6287.7998046875,6328.4501953125,160300,NIFTY,2014-03-05
6401.14990234375,6406.60009765625,6339.7001953125,6344.75,180700,NIFTY,2014-03-06
6526.64990234375,6537.7998046875,6413.5498046875,6413.9501953125,284900,NIFTY,2014-03-07
6537.25,6562.2001953125,6487.35009765625,6491.7001953125,242100,NIFTY,2014-03-10
6511.89990234375,6562.85009765625,6494.25,6537.35009765625,239000,NIFTY,2014-03-11
6516.89990234375,6546.14990234375,6487.2998046875,6497.5,175000,NIFTY,2014-03-12
6493.10009765625,6561.4501953125,6476.64990234375,6491.75,167900,NIFTY,2014-03-13
6504.2001953125,6518.4501953125,6432.7001953125,6447.25,177300,NIFTY,2014-03-14
6516.64990234375,6574.9501953125,6497.64990234375,6532.4501953125,179300,NIFTY,2014-03-18
6524.0498046875,6541.2001953125,6506.0,6530.0,172500,NIFTY,2014-03-19
6483.10009765625,6523.64990234375,6473.25,6508.35009765625,142000,NIFTY,2014-03-20
6493.2001953125,6522.89990234375,6485.7001953125,6515.2001953125,189900,NIFTY,2014-03-21
6583.5,6591.5,6510.5,6510.5,158400,NIFTY,2014-03-24
6589.75,6595.5498046875,6544.85009765625,6550.10009765625,168100,NIFTY,2014-03-25
6601.39990234375,6627.4501953125,6580.60009765625,6615.64990234375,186600,NIFTY,2014-03-26
6641.75,6673.9501953125,6599.5,6613.10009765625,312400,NIFTY,2014-03-27
6695.89990234375,6702.60009765625,6643.7998046875,6673.0498046875,184800,NIFTY,2014-03-28
6704.2001953125,6730.0498046875,6662.39990234375,6723.14990234375,220600,NIFTY,2014-03-31
6721.0498046875,6732.25,6675.4501953125,6729.5,177800,NIFTY,2014-04-01
6752.5498046875,6763.5,6723.60009765625,6757.60009765625,173300,NIFTY,2014-04-02
6736.10009765625,6776.75,6696.89990234375,6772.0498046875,197500,NIFTY,2014-04-03
6694.35009765625,6741.85009765625,6685.14990234375,6741.85009765625,155100,NIFTY,2014-04-04
6695.0498046875,6725.14990234375,6650.39990234375,6694.25,133900,NIFTY,2014-04-07
6796.2001953125,6808.7001953125,6705.10009765625,6722.0,169800,NIFTY,2014-04-09
6796.39990234375,6819.0498046875,6777.2998046875,6803.0498046875,191100,NIFTY,2014-04-10
6776.2998046875,6789.35009765625,6743.14990234375,6758.35009765625,140700,NIFTY,2014-04-11
6733.10009765625,6813.39990234375,6711.75,6792.7001953125,123200,NIFTY,2014-04-15
6675.2998046875,6748.64990234375,6665.14990234375,6727.25,119800,NIFTY,2014-04-16
6779.39990234375,6783.0498046875,6684.39990234375,6695.4501953125,131500,NIFTY,2014-04-17
6817.64990234375,6825.4501953125,6786.89990234375,6789.25,111800,NIFTY,2014-04-21
6815.35009765625,6838.0,6806.25,6822.89990234375,114700,NIFTY,2014-04-22
6840.7998046875,6861.60009765625,6820.75,6823.25,183000,NIFTY,2014-04-23
6782.75,6869.85009765625,6772.85009765625,6855.7998046875,154300,NIFTY,2014-04-25
6761.25,6786.25,6750.2998046875,6778.5498046875,118200,NIFTY,2014-04-28
6715.25,6779.7001953125,6708.64990234375,6769.0,115500,NIFTY,2014-04-29
6696.39990234375,6780.14990234375,6656.7998046875,6724.9501953125,161100,NIFTY,2014-04-30
6694.7998046875,6737.64990234375,6689.5,6709.9501953125,114300,NIFTY,2014-05-02
6699.35009765625,6741.0498046875,6680.4501953125,6681.64990234375,105000,NIFTY,2014-05-05
6715.2998046875,6743.4501953125,6701.89990234375,6719.25,88300,NIFTY,2014-05-06
6652.5498046875,6718.75,6642.89990234375,6708.60009765625,114100,NIFTY,2014-05-07
6659.85009765625,6688.39990234375,6638.5498046875,6669.89990234375,101600,NIFTY,2014-05-08
6858.7998046875,6871.35009765625,6652.14990234375,6654.14990234375,166400,NIFTY,2014-05-09
7014.25,7020.0498046875,6862.89990234375,6863.39990234375,157700,NIFTY,2014-05-12
7108.75,7172.35009765625,7067.14990234375,7080.0,232200,NIFTY,2014-05-13
7108.75,7142.25,7080.89990234375,7112.0,177200,NIFTY,2014-05-14
7123.14990234375,7152.5498046875,7082.5498046875,7111.2998046875,186800,NIFTY,2014-05-15
7203.0,7563.5,7130.64990234375,7270.2001953125,393200,NIFTY,2014-05-16
7263.5498046875,7291.10009765625,7193.5498046875,7276.85009765625,316200,NIFTY,2014-05-19
7275.5,7353.64990234375,7247.7001953125,7309.9501953125,255300,NIFTY,2014-05-20
7252.89990234375,7287.14990234375,7206.7001953125,7274.85009765625,203100,NIFTY,2014-05-21
7276.39990234375,7319.5498046875,7258.14990234375,7289.9501953125,240900,NIFTY,2014-05-22
7367.10009765625,7381.0,7293.89990234375,7306.5,259600,NIFTY,2014-05-23
7359.0498046875,7504.0,7269.0498046875,7428.75,273200,NIFTY,2014-05-26
7318.0,7372.9501953125,7274.75,7363.10009765625,168600,NIFTY,2014-05-27
7329.64990234375,7344.75,7302.60009765625,7324.9501953125,175600,NIFTY,2014-05-28
7235.64990234375,7325.39990234375,7224.39990234375,7316.60009765625,241100,NIFTY,2014-05-29
7229.9501953125,7272.5,7118.4501953125,7254.85009765625,312200,NIFTY,2014-05-30
7362.5,7368.60009765625,7239.5,7264.0498046875,169900,NIFTY,2014-06-02
7415.85009765625,7424.9501953125,7342.14990234375,7375.35009765625,234700,NIFTY,2014-06-03
7402.25,7433.2998046875,7391.35009765625,7417.5498046875,204600,NIFTY,2014-06-04
7474.10009765625,7484.7001953125,7360.5,7399.75,250700,NIFTY,2014-06-05
7583.39990234375,7592.7001953125,7497.64990234375,7521.5,248400,NIFTY,2014-06-06
7654.60009765625,7673.7001953125,7580.25,7621.64990234375,231900,NIFTY,2014-06-09
7656.39990234375,7683.2001953125,7579.2998046875,7679.0498046875,188700,NIFTY,2014-06-10
7626.85009765625,7700.0498046875,7589.0498046875,7672.39990234375,186200,NIFTY,2014-06-11
7649.89990234375,7658.0,7593.7998046875,7641.2998046875,148200,NIFTY,2014-06-12
7542.10009765625,7678.5,7525.35009765625,7668.2001953125,174500,NIFTY,2014-06-13
7533.5498046875,7548.60009765625,7487.5498046875,7534.7998046875,155400,NIFTY,2014-06-16
7631.7001953125,7637.60009765625,7509.25,7525.0498046875,158000,NIFTY,2014-06-17
7558.2001953125,7663.0,7515.5,7636.0498046875,165100,NIFTY,2014-06-18
7540.7001953125,7606.4501953125,7502.5498046875,7580.0498046875,148900,NIFTY,2014-06-19
7511.4501953125,7560.5498046875,7497.2998046875,7543.2998046875,124100,NIFTY,2014-06-20
7493.35009765625,7534.7998046875,7441.60009765625,7514.0,127400,NIFTY,2014-06-23
7580.2001953125,7593.35009765625,7515.2001953125,7515.2001953125,137000,NIFTY,2014-06-24
7569.25,7589.25,7557.0498046875,7588.5498046875,115000,NIFTY,2014-06-25
7493.2001953125,7570.2001953125,7481.2998046875,7554.10009765625,171700,NIFTY,2014-06-26
7508.7998046875,7538.75,7482.2998046875,7514.2001953125,126700,NIFTY,2014-06-27
7611.35009765625,7623.64990234375,7531.60009765625,7534.0498046875,152300,NIFTY,2014-06-30
7634.7001953125,7649.5,7618.14990234375,7629.0,139400,NIFTY,2014-07-01
7725.14990234375,7732.39990234375,7677.2998046875,7683.0498046875,136300,NIFTY,2014-07-02
7714.7998046875,7754.64990234375,7706.7998046875,7734.35009765625,133800,NIFTY,2014-07-03
7751.60009765625,7758.0,7661.2998046875,7718.10009765625,113100,NIFTY,2014-07-04
7787.14990234375,7792.0,7755.10009765625,7780.39990234375,173900,NIFTY,2014-07-07
7623.2001953125,7808.85009765625,7595.89990234375,7804.0498046875,180600,NIFTY,2014-07-08
7585.0,7650.10009765625,7551.64990234375,7637.9501953125,168300,NIFTY,2014-07-09
7567.75,7731.0498046875,7479.0498046875,7589.5,258400,NIFTY,2014-07-10
7459.60009765625,7625.85009765625,7447.2001953125,7584.10009765625,187600,NIFTY,2014-07-11
7454.14990234375,7478.4501953125,7422.14990234375,7469.0,135200,NIFTY,2014-07-14
7526.64990234375,7534.89990234375,7459.14990234375,7491.2998046875,122100,NIFTY,2014-07-15
7624.39990234375,7640.10009765625,7532.4501953125,7564.14990234375,168000,NIFTY,2014-07-16
7640.4501953125,7655.64990234375,7612.7001953125,7612.7001953125,141600,NIFTY,2014-07-17
7663.89990234375,7685.0,7595.5,7630.25,134600,NIFTY,2014-07-18
7684.2001953125,7722.10009765625,7674.0,7701.64990234375,105400,NIFTY,2014-07-21
7767.85009765625,7773.85009765625,7704.7998046875,7708.2001953125,120100,NIFTY,2014-07-22
7795.75,7809.2001953125,7752.89990234375,7794.89990234375,122100,NIFTY,2014-07-23
7830.60009765625,7835.64990234375,7771.64990234375,7796.25,117600,NIFTY,2014-07-24
7790.4501953125,7840.9501953125,7748.60009765625,7828.2001953125,153900,NIFTY,2014-07-25
7748.7001953125,7799.89990234375,7722.64990234375,7792.89990234375,116500,NIFTY,2014-07-28
7791.39990234375,7798.7001953125,7707.60009765625,7746.2001953125,178100,NIFTY,2014-07-30
7721.2998046875,7791.85009765625,7711.14990234375,7784.64990234375,208900,NIFTY,2014-07-31
7602.60009765625,7716.7001953125,7593.89990234375,7662.5,181100,NIFTY,2014-08-01
7683.64990234375,7694.7998046875,7622.0498046875,7639.5498046875,137000,NIFTY,2014-08-04
7746.5498046875,7752.4501953125,7638.0498046875,7706.64990234375,128200,NIFTY,2014-08-05
7672.0498046875,7740.9501953125,7658.9501953125,7726.14990234375,116400,NIFTY,2014-08-06
7649.25,7708.9501953125,7630.39990234375,7651.14990234375,116800,NIFTY,2014-08-07
7568.5498046875,7592.4501953125,7540.10009765625,7588.7001953125,118400,NIFTY,2014-08-08
7625.9501953125,7635.5498046875,7598.60009765625,7619.85009765625,107000,NIFTY,2014-08-11
7727.0498046875,7735.75,7654.7998046875,7688.7998046875,120600,NIFTY,2014-08-12
7739.5498046875,7757.10009765625,7695.7001953125,7717.2998046875,154100,NIFTY,2014-08-13
7791.7001953125,7796.7001953125,7739.10009765625,7756.14990234375,127300,NIFTY,2014-08-14
7874.25,7880.5,7779.2001953125,7785.25,126700,NIFTY,2014-08-18
7897.5,7918.5498046875,7881.14990234375,7901.0,140600,NIFTY,2014-08-19
7875.2998046875,7922.7001953125,7864.0498046875,7915.7998046875,117300,NIFTY,2014-08-20
7891.10009765625,7919.64990234375,7855.9501953125,7875.35009765625,115200,NIFTY,2014-08-21
7913.2001953125,7929.0498046875,7900.0498046875,7904.5498046875,104100,NIFTY,2014-08-22
7906.2998046875,7968.25,7897.9501953125,7931.75,118500,NIFTY,2014-08-25
7904.75,7915.4501953125,7862.4501953125,7874.5,142800,NIFTY,2014-08-26
7936.0498046875,7946.85009765625,7916.5498046875,7933.89990234375,120000,NIFTY,2014-08-27
7954.35009765625,7967.7998046875,7939.2001953125,7942.25,189700,NIFTY,2014-08-28
8027.7001953125,8035.0,7984.0,7990.35009765625,139300,NIFTY,2014-09-01
8083.0498046875,8101.9501953125,8036.5498046875,8038.60009765625,134900,NIFTY,2014-09-02
8114.60009765625,8141.89990234375,8092.25,8110.85009765625,150700,NIFTY,2014-09-03
8095.9501953125,8114.7998046875,8060.89990234375,8114.2001953125,141300,NIFTY,2014-09-04
8086.85009765625,8122.7001953125,8049.85009765625,8099.89990234375,126000,NIFTY,2014-09-05
8173.89990234375,8180.2001953125,8126.14990234375,8132.9501953125,120700,NIFTY,2014-09-08
8152.9501953125,8174.5498046875,8126.5,8161.89990234375,104700,NIFTY,2014-09-09
8094.10009765625,8135.75,8082.10009765625,8135.5498046875,107100,NIFTY,2014-09-10
8085.7001953125,8127.9501953125,8057.2998046875,8115.14990234375,122800,NIFTY,2014-09-11
8105.5,8114.2998046875,8071.60009765625,8087.0498046875,111400,NIFTY,2014-09-12
8042.0,8077.2998046875,8030.0,8070.35009765625,96500,NIFTY,2014-09-15
7932.89990234375,8044.89990234375,7925.14990234375,8036.60009765625,128000,NIFTY,2014-09-16
7975.5,7990.64990234375,7936.9501953125,7971.5,123700,NIFTY,2014-09-17
8114.75,8120.85009765625,7939.7001953125,7950.64990234375,116900,NIFTY,2014-09-18
8121.4501953125,8160.89990234375,8105.35009765625,8129.39990234375,161300,NIFTY,2014-09-19
8146.2998046875,8159.89990234375,8064.7998046875,8084.4501953125,105500,NIFTY,2014-09-22
8017.5498046875,8159.75,8008.10009765625,8144.39990234375,140800,NIFTY,2014-09-23
8002.39990234375,8042.0498046875,7950.0498046875,8015.5498046875,182200,NIFTY,2014-09-24
7911.85009765625,8019.2998046875,7877.35009765625,8003.2998046875,231900,NIFTY,2014-09-25
7968.85009765625,7993.2998046875,7841.7998046875,7885.85009765625,147800,NIFTY,2014-09-26
7958.89990234375,7991.75,7934.7001953125,7978.4501953125,97300,NIFTY,2014-09-29
7964.7998046875,8030.89990234375,7923.85009765625,7948.7998046875,141100,NIFTY,2014-09-30
7945.5498046875,7977.5,7936.7001953125,7960.5,113000,NIFTY,2014-10-01
7852.39990234375,7943.0498046875,7842.7001953125,7897.39990234375,148200,NIFTY,2014-10-07
7842.7001953125,7869.89990234375,7815.75,7828.75,135900,NIFTY,2014-10-08
7960.5498046875,7972.35009765625,7886.5,7886.5,123800,NIFTY,2014-10-09
7859.9501953125,7924.0498046875,7848.4501953125,7911.0,142900,NIFTY,2014-10-10
7884.25,7901.14990234375,7796.0,7831.0,118800,NIFTY,2014-10-13
7864.0,7928.0,7825.4501953125,7923.25,225500,NIFTY,2014-10-14
7748.2001953125,7893.89990234375,7729.64990234375,7837.2998046875,213500,NIFTY,2014-10-16
7779.7001953125,7819.2001953125,7723.85009765625,7733.75,177600,NIFTY,2014-10-17
7879.39990234375,7905.9501953125,7856.9501953125,7896.9501953125,176200,NIFTY,2014-10-20
7927.75,7936.60009765625,7874.35009765625,7906.14990234375,163400,NIFTY,2014-10-21
7995.89990234375,8005.0,7974.5498046875,7997.7998046875,151100,NIFTY,2014-10-22
7991.7001953125,8064.39990234375,7985.64990234375,8064.35009765625,132800,NIFTY,2014-10-27
8027.60009765625,8037.7998046875,7995.0498046875,8002.39990234375,124100,NIFTY,2014-10-28
8090.4501953125,8097.9501953125,8052.25,8077.0498046875,148300,NIFTY,2014-10-29
8169.2001953125,8181.5498046875,8085.2001953125,8085.2001953125,205700,NIFTY,2014-10-30
8322.2001953125,8330.75,8198.0498046875,8200.7998046875,176200,NIFTY,2014-10-31
8324.150390625,8350.599609375,8297.650390625,8348.150390625,141100,NIFTY,2014-11-03
8338.2998046875,8365.5498046875,8323.5,8351.25,161600,NIFTY,2014-11-05
8337.0,8360.349609375,8290.25,8331.849609375,153400,NIFTY,2014-11-07
8344.25,8383.0498046875,8304.4501953125,8337.7998046875,130700,NIFTY,2014-11-10
8362.650390625,8378.7001953125,8321.849609375,8354.099609375,122000,NIFTY,2014-11-11
8383.2998046875,8415.0498046875,8370.5,8378.900390625,125200,NIFTY,2014-11-12
8357.849609375,8408.0,8320.349609375,8405.25,127400,NIFTY,2014-11-13
8389.900390625,8400.650390625,8346.7998046875,8360.7001953125,146800,NIFTY,2014-11-14
8430.75,8438.099609375,8349.099609375,8378.400390625,113900,NIFTY,2014-11-17
8425.900390625,8454.5,8407.25,8441.25,134700,NIFTY,2014-11-18
8382.2998046875,8455.650390625,8360.5,8440.650390625,125400,NIFTY,2014-11-19
8401.900390625,8410.849609375,8353.150390625,8406.5,122800,NIFTY,2014-11-20
8477.349609375,8489.7998046875,8398.599609375,8408.2001953125,137000,NIFTY,2014-11-21
8530.150390625,8534.650390625,8490.7998046875,8490.9501953125,140700,NIFTY,2014-11-24
8463.099609375,8535.349609375,8429.4501953125,8530.7998046875,271900,NIFTY,2014-11-25
8475.75,8500.2998046875,8438.650390625,8450.2998046875,151900,NIFTY,2014-11-26
8494.2001953125,8506.75,8456.349609375,8477.7998046875,194300,NIFTY,2014-11-27
8588.25,8617.0,8516.25,8516.7998046875,197200,NIFTY,2014-11-28
8555.900390625,8623.0,8545.150390625,8605.099609375,152000,NIFTY,2014-12-01
8524.7001953125,8560.2001953125,8504.650390625,8535.4501953125,137400,NIFTY,2014-12-02
8537.650390625,8546.9501953125,8508.349609375,8528.7001953125,153200,NIFTY,2014-12-03
8564.400390625,8626.9501953125,8526.400390625,8582.400390625,143500,NIFTY,2014-12-04
8538.2998046875,8588.349609375,8523.900390625,8584.25,143300,NIFTY,2014-12-05
8438.25,8546.349609375,8432.25,8538.650390625,163800,NIFTY,2014-12-08
8340.7001953125,8444.5,8330.5,8439.2998046875,146300,NIFTY,2014-12-09
8355.650390625,8376.7998046875,8317.0,8318.0498046875,136700,NIFTY,2014-12-10
8292.900390625,8348.2998046875,8272.400390625,8338.849609375,133900,NIFTY,2014-12-11
8224.099609375,8321.900390625,8216.2998046875,8302.0,138100,NIFTY,2014-12-12
8219.599609375,8242.400390625,8152.5,8160.75,137100,NIFTY,2014-12-15
8067.60009765625,8189.35009765625,8052.60009765625,8172.60009765625,197300,NIFTY,2014-12-16
8029.7998046875,8082.0,7961.35009765625,8041.2001953125,216200,NIFTY,2014-12-17
8159.2998046875,8174.2998046875,8084.89990234375,8138.89990234375,162100,NIFTY,2014-12-18
8225.2001953125,8263.4501953125,8208.599609375,8230.4501953125,174800,NIFTY,2014-12-19
8324.0,8330.9501953125,8228.2001953125,8255.0,139200,NIFTY,2014-12-22
8267.0,8364.75,8252.849609375,8324.599609375,132200,NIFTY,2014-12-23
8174.10009765625,8286.400390625,8155.25,8272.0498046875,221900,NIFTY,2014-12-24
8200.7001953125,8234.5498046875,8147.9501953125,8204.7998046875,75500,NIFTY,2014-12-26
8246.2998046875,8279.150390625,8214.7001953125,8214.7001953125,82100,NIFTY,2014-12-29
8248.25,8268.25,8220.5498046875,8260.2998046875,77700,NIFTY,2014-12-30
8282.7001953125,8291.0,8243.75,8243.900390625,84500,NIFTY,2014-12-31
8395.4501953125,8410.599609375,8288.7001953125,8288.7001953125,101900,NIFTY,2015-01-02
8378.400390625,8445.599609375,8363.900390625,8407.9501953125,118200,NIFTY,2015-01-05
8127.35009765625,8327.849609375,8111.35009765625,8325.2998046875,172800,NIFTY,2015-01-06
8102.10009765625,8151.2001953125,8065.4501953125,8118.64990234375,164100,NIFTY,2015-01-07
8234.599609375,8243.5,8167.2998046875,8191.39990234375,143800,NIFTY,2015-01-08
8284.5,8303.2998046875,8190.7998046875,8285.4501953125,148000,NIFTY,2015-01-09
8323.0,8332.599609375,8245.599609375,8291.349609375,103200,NIFTY,2015-01-12
8299.400390625,8356.650390625,8267.900390625,8346.150390625,129600,NIFTY,2015-01-13
8277.5498046875,8326.4501953125,8236.650390625,8307.25,146100,NIFTY,2015-01-14
8494.150390625,8527.099609375,8380.5498046875,8424.5,232100,NIFTY,2015-01-15
8513.7998046875,8530.75,8452.25,8504.0498046875,176000,NIFTY,2015-01-16
8550.7001953125,8570.9501953125,8531.5,8550.0498046875,125400,NIFTY,2015-01-19
8695.599609375,8707.900390625,8574.5,8575.099609375,158700,NIFTY,2015-01-20
8729.5,8741.849609375,8689.599609375,8719.650390625,185900,NIFTY,2015-01-21
8761.400390625,8774.150390625,8727.0,8745.849609375,175500,NIFTY,2015-01-22
8835.599609375,8866.400390625,8795.400390625,8827.9501953125,191200,NIFTY,2015-01-23
8910.5,8925.0498046875,8825.4501953125,8871.349609375,192000,NIFTY,2015-01-27
8914.2998046875,8985.0498046875,8874.0498046875,8902.75,185100,NIFTY,2015-01-28
8952.349609375,8966.650390625,8861.25,8901.5,256300,NIFTY,2015-01-29
8808.900390625,8996.599609375,8775.099609375,8996.599609375,267300,NIFTY,2015-01-30
8797.400390625,8840.7998046875,8751.099609375,8802.5,210100,NIFTY,2015-02-02
8756.5498046875,8837.2998046875,8726.650390625,8823.150390625,208700,NIFTY,2015-02-03
8723.7001953125,8792.849609375,8704.400390625,8789.150390625,195300,NIFTY,2015-02-04
8711.7001953125,8838.4501953125,8683.650390625,8733.099609375,173600,NIFTY,2015-02-05
8661.0498046875,8726.2001953125,8645.5498046875,8696.849609375,171300,NIFTY,2015-02-06
8526.349609375,8605.5498046875,8516.349609375,8584.400390625,146800,NIFTY,2015-02-09
8565.5498046875,8646.25,8470.5,8478.099609375,196200,NIFTY,2015-02-10
8627.400390625,8651.9501953125,8593.650390625,8603.2998046875,161600,NIFTY,2015-02-11
8711.5498046875,8732.5498046875,8599.25,8676.9501953125,158800,NIFTY,2015-02-12
8805.5,8822.099609375,8729.650390625,8741.5,221900,NIFTY,2015-02-13
8809.349609375,8870.099609375,8793.400390625,8831.400390625,136400,NIFTY,2015-02-16
8869.099609375,8894.2998046875,8808.900390625,8811.5498046875,147600,NIFTY,2015-02-18
8895.2998046875,8913.4501953125,8794.4501953125,8883.0498046875,213300,NIFTY,2015-02-19
8833.599609375,8899.9501953125,8816.2998046875,8895.5,197600,NIFTY,2015-02-20
8754.9501953125,8869.0,8736.099609375,8856.849609375,139600,NIFTY,2015-02-23
8762.099609375,8800.5,8726.75,8772.900390625,149800,NIFTY,2015-02-24
8767.25,8840.650390625,8751.400390625,8801.900390625,135200,NIFTY,2015-02-25
8683.849609375,8786.0498046875,8669.4501953125,8779.0,217500,NIFTY,2015-02-26
8844.599609375,8856.9501953125,8717.4501953125,8729.5,249500,NIFTY,2015-02-27
8956.75,8972.349609375,8885.4501953125,8953.849609375,218100,NIFTY,2015-03-02
8996.25,9008.400390625,8925.5498046875,8962.849609375,177800,NIFTY,2015-03-03
8922.650390625,9119.2001953125,8893.9501953125,9109.150390625,248400,NIFTY,2015-03-04
8937.75,8957.5498046875,8849.349609375,8929.400390625,160100,NIFTY,2015-03-05
8756.75,8891.2998046875,8740.4501953125,8891.150390625,155500,NIFTY,2015-03-09
8712.0498046875,8778.0,8677.349609375,8769.75,163800,NIFTY,2015-03-10
8699.9501953125,8755.599609375,8682.349609375,8728.75,172800,NIFTY,2015-03-11
8776.0,8787.2001953125,8732.900390625,8740.650390625,173900,NIFTY,2015-03-12
8647.75,8849.75,8631.75,8844.0498046875,179200,NIFTY,2015-03-13
8633.150390625,8663.5498046875,8612.0,8656.75,163300,NIFTY,2015-03-16
8723.2998046875,8742.5498046875,8630.7998046875,8689.099609375,177000,NIFTY,2015-03-17
8685.900390625,8747.25,8664.0,8742.900390625,156400,NIFTY,2015-03-18
8634.650390625,8788.2001953125,8614.650390625,8749.4501953125,163500,NIFTY,2015-03-19
8570.900390625,8627.900390625,8553.0,8627.900390625,174600,NIFTY,2015-03-20
8550.900390625,8608.349609375,8540.5498046875,8591.5498046875,150700,NIFTY,2015-03-23
8542.9501953125,8627.75,8535.849609375,8537.0498046875,156700,NIFTY,2015-03-24
8530.7998046875,8573.75,8516.5498046875,8568.900390625,161000,NIFTY,2015-03-25
8342.150390625,8499.4501953125,8325.349609375,8474.9501953125,280100,NIFTY,2015-03-26
8341.400390625,8413.2001953125,8269.150390625,8396.0,193000,NIFTY,2015-03-27
8492.2998046875,8492.2998046875,8380.75,8390.9501953125,134700,NIFTY,2015-03-30
8491.0,8550.4501953125,8454.150390625,8527.599609375,167200,NIFTY,2015-03-31
8586.25,8603.400390625,8464.75,8483.7001953125,125500,NIFTY,2015-04-01
8659.900390625,8667.5498046875,8573.75,8615.7998046875,146900,NIFTY,2015-04-06
8660.2998046875,8693.599609375,8586.849609375,8684.4501953125,148700,NIFTY,2015-04-07
8714.400390625,8730.5,8679.7998046875,8698.9501953125,148200,NIFTY,2015-04-08
8778.2998046875,8785.5,8682.4501953125,8756.2001953125,152700,NIFTY,2015-04-09
8780.349609375,8787.400390625,8733.599609375,8774.349609375,139000,NIFTY,2015-04-10
8834.0,8841.650390625,8762.099609375,8801.75,121600,NIFTY,2015-04-13
8706.7001953125,8760.0,8645.650390625,8757.0498046875,142900,NIFTY,2015-04-16
8606.0,8699.849609375,8596.7001953125,8698.0498046875,150400,NIFTY,2015-04-17
8448.099609375,8619.9501953125,8422.75,8618.7998046875,148900,NIFTY,2015-04-20
8377.75,8469.349609375,8352.7001953125,8416.099609375,407800,NIFTY,2015-04-21
8429.7001953125,8449.9501953125,8284.7001953125,8400.400390625,171800,NIFTY,2015-04-22
8398.2998046875,8504.9501953125,8361.849609375,8478.2001953125,156000,NIFTY,2015-04-23
8305.25,8413.2998046875,8273.349609375,8405.7001953125,173600,NIFTY,2015-04-24
8213.7998046875,8334.4501953125,8202.349609375,8330.5498046875,171500,NIFTY,2015-04-27
8285.599609375,8308.0,8185.14990234375,8215.5498046875,174600,NIFTY,2015-04-28
8239.75,8308.2001953125,8219.2001953125,8274.7998046875,160400,NIFTY,2015-04-29
8181.5,8229.400390625,8144.75,8224.5,267700,NIFTY,2015-04-30
8331.9501953125,8346.0,8220.4501953125,8230.0498046875,131700,NIFTY,2015-05-04
8324.7998046875,8355.650390625,8280.599609375,8338.400390625,155500,NIFTY,2015-05-05
8097.0,8331.9501953125,8083.0,8316.599609375,209600,NIFTY,2015-05-06
8057.2998046875,8122.60009765625,7997.14990234375,8077.0,161600,NIFTY,2015-05-07
8191.5,8224.9501953125,8123.4501953125,8131.5,183100,NIFTY,2015-05-08
8325.25,8332.75,8224.650390625,8243.2001953125,192000,NIFTY,2015-05-11
8126.9501953125,8326.650390625,8115.2998046875,8326.150390625,173400,NIFTY,2015-05-12
8235.4501953125,8254.9501953125,8089.7998046875,8181.5498046875,169800,NIFTY,2015-05-13
8224.2001953125,8236.25,8137.2998046875,8232.4501953125,134800,NIFTY,2015-05-14
8262.349609375,8279.2001953125,8212.2001953125,8240.2998046875,129800,NIFTY,2015-05-15
8373.650390625,8384.599609375,8271.9501953125,8284.9501953125,148700,NIFTY,2015-05-18
8365.650390625,8427.7998046875,8335.0,8356.2001953125,140300,NIFTY,2015-05-19
8423.25,8440.349609375,8391.4501953125,8392.650390625,123600,NIFTY,2015-05-20
8421.0,8446.349609375,8382.5,8434.5,143800,NIFTY,2015-05-21
8458.9501953125,8489.5498046875,8420.599609375,8432.5,187300,NIFTY,2015-05-22
8370.25,8441.9501953125,8364.150390625,8438.150390625,121300,NIFTY,2015-05-25
8339.349609375,8378.900390625,8320.0498046875,8377.099609375,116800,NIFTY,2015-05-26
8334.599609375,8342.849609375,8277.9501953125,8302.75,165500,NIFTY,2015-05-27
8319.0,8364.5,8270.150390625,8345.7001953125,232300,NIFTY,2015-05-28
8433.650390625,8443.900390625,8305.7001953125,8327.099609375,363900,NIFTY,2015-05-29
8433.400390625,8467.150390625,8405.400390625,8417.25,122200,NIFTY,2015-06-01
8236.4501953125,8445.349609375,8226.0498046875,8442.7998046875,146800,NIFTY,2015-06-02
8135.10009765625,8236.7001953125,8094.14990234375,8232.4501953125,171400,NIFTY,2015-06-03
8130.64990234375,8160.0498046875,8056.75,8155.14990234375,154700,NIFTY,2015-06-04
8114.7001953125,8191.0,8100.14990234375,8119.14990234375,162100,NIFTY,2015-06-05
8044.14990234375,8131.0,8030.5498046875,8124.35009765625,135900,NIFTY,2015-06-08
8022.39990234375,8057.14990234375,8005.14990234375,8026.5,136000,NIFTY,2015-06-09
8124.4501953125,8152.25,8023.7998046875,8024.14990234375,136800,NIFTY,2015-06-10
7965.35009765625,8163.0498046875,7958.25,8157.2998046875,166200,NIFTY,2015-06-11
7982.89990234375,7995.60009765625,7940.2998046875,7959.85009765625,136600,NIFTY,2015-06-12
8013.89990234375,8057.7001953125,7944.85009765625,7986.60009765625,133000,NIFTY,2015-06-15
8047.2998046875,8061.85009765625,7952.35009765625,8004.2001953125,124000,NIFTY,2015-06-16
8091.5498046875,8136.85009765625,8048.9501953125,8084.2001953125,152500,NIFTY,2015-06-17
8174.60009765625,8186.89990234375,8101.7998046875,8113.7001953125,144800,NIFTY,2015-06-18
8224.9501953125,8250.7998046875,8195.650390625,8201.150390625,147100,NIFTY,2015-06-19
8353.099609375,8369.4501953125,8257.400390625,8259.2998046875,122700,NIFTY,2015-06-22
8381.5498046875,8398.4501953125,8334.9501953125,8377.4501953125,131700,NIFTY,2015-06-23
8360.849609375,8421.349609375,8338.900390625,8399.400390625,130100,NIFTY,2015-06-24
8398.0,8423.150390625,8329.5,8336.25,201200,NIFTY,2015-06-25
8381.099609375,8408.5498046875,8339.7001953125,8393.9501953125,110600,NIFTY,2015-06-26
8318.400390625,8329.4501953125,8195.650390625,8247.0498046875,132000,NIFTY,2015-06-29
8368.5,8378.0,8298.9501953125,8316.349609375,158500,NIFTY,2015-06-30
8453.0498046875,8481.599609375,8370.150390625,8376.25,131800,NIFTY,2015-07-01
8444.900390625,8479.25,8433.2001953125,8471.9501953125,112000,NIFTY,2015-07-02
8484.900390625,8497.75,8424.150390625,8440.099609375,88400,NIFTY,2015-07-03
8522.150390625,8533.150390625,8386.150390625,8386.150390625,101500,NIFTY,2015-07-06
8510.7998046875,8561.349609375,8483.849609375,8525.5,122200,NIFTY,2015-07-07
8363.0498046875,8457.5,8341.400390625,8439.2001953125,188100,NIFTY,2015-07-08
8328.5498046875,8400.2998046875,8323.0,8364.849609375,131300,NIFTY,2015-07-09
8360.5498046875,8377.099609375,8315.400390625,8365.7001953125,154100,NIFTY,2015-07-10
8459.650390625,8471.650390625,8355.400390625,8397.25,117800,NIFTY,2015-07-13
8454.099609375,8480.25,8424.099609375,8470.599609375,101700,NIFTY,2015-07-14
8523.7998046875,8531.400390625,8462.9501953125,8463.400390625,105500,NIFTY,2015-07-15
8608.0498046875,8616.099609375,8542.900390625,8546.150390625,116000,NIFTY,2015-07-16
8609.849609375,8642.9501953125,8593.150390625,8623.650390625,105000,NIFTY,2015-07-17
8603.4501953125,8624.099609375,8559.0,8623.900390625,90600,NIFTY,2015-07-20
8529.4501953125,8646.75,8517.900390625,8601.5,164100,NIFTY,2015-07-21
8633.5,8643.900390625,8498.650390625,8512.25,136800,NIFTY,2015-07-22
8589.7998046875,8654.75,8573.7998046875,8643.9501953125,132900,NIFTY,2015-07-23
8521.5498046875,8589.150390625,8513.5,8588.150390625,127400,NIFTY,2015-07-24
8361.0,8492.2001953125,8351.5498046875,8492.099609375,136600,NIFTY,2015-07-27
8337.0,8397.400390625,8321.75,8371.099609375,174600,NIFTY,2015-07-28
8375.0498046875,8381.5,8338.4501953125,8365.599609375,141000,NIFTY,2015-07-29
8421.7998046875,8458.900390625,8408.2998046875,8417.0,215200,NIFTY,2015-07-30
8532.849609375,8548.9501953125,8448.0,8456.099609375,203300,NIFTY,2015-07-31
8543.0498046875,8563.9501953125,8508.099609375,8510.650390625,156700,NIFTY,2015-08-03
8516.900390625,8565.150390625,8448.25,8564.099609375,187400,NIFTY,2015-08-04
8567.9501953125,8591.849609375,8545.849609375,8547.4501953125,132800,NIFTY,2015-08-05
8588.650390625,8606.2998046875,8551.5,8585.7998046875,134900,NIFTY,2015-08-06
8564.599609375,8595.9501953125,8552.7001953125,8580.7998046875,143700,NIFTY,2015-08-07
8525.599609375,8621.5498046875,8497.7998046875,8577.0,123400,NIFTY,2015-08-10
8462.349609375,8556.25,8441.2998046875,8548.4501953125,154400,NIFTY,2015-08-11
8349.4501953125,8446.9501953125,8337.9501953125,8445.7001953125,190000,NIFTY,2015-08-12
8355.849609375,8429.5,8339.75,8384.4501953125,189200,NIFTY,2015-08-13
8518.5498046875,8530.099609375,8381.2001953125,8402.349609375,155900,NIFTY,2015-08-14
8477.2998046875,8530.599609375,8428.0498046875,8530.5,174700,NIFTY,2015-08-17
8466.5498046875,8525.75,8433.599609375,8505.849609375,153300,NIFTY,2015-08-18
8495.150390625,8520.4501953125,8425.9501953125,8468.0498046875,130500,NIFTY,2015-08-19
8372.75,8501.349609375,8359.75,8471.0498046875,184100,NIFTY,2015-08-20
8299.9501953125,8322.2001953125,8225.0498046875,8305.400390625,201300,NIFTY,2015-08-21
7809.0,8060.0498046875,7769.39990234375,8055.9501953125,312400,NIFTY,2015-08-24
7880.7001953125,7925.39990234375,7667.25,7895.39990234375,299100,NIFTY,2015-08-25
7791.85009765625,7930.0498046875,7777.10009765625,7865.25,216600,NIFTY,2015-08-26
7948.9501953125,7963.60009765625,7862.2998046875,7921.60009765625,305000,NIFTY,2015-08-27
8001.9501953125,8091.7998046875,7961.64990234375,8053.7001953125,195600,NIFTY,2015-08-28
7971.2998046875,8043.60009765625,7947.9501953125,8009.25,198200,NIFTY,2015-08-31
7785.85009765625,7929.10009765625,7746.5,7907.9501953125,184900,NIFTY,2015-09-01
7717.0,7862.5498046875,7699.25,7856.64990234375,215300,NIFTY,2015-09-02
7823.0,7845.60009765625,7754.0498046875,7774.4501953125,155800,NIFTY,2015-09-03
7655.0498046875,7804.89990234375,7626.85009765625,7803.39990234375,193600,NIFTY,2015-09-04
7558.7998046875,7705.0498046875,7545.89990234375,7685.85009765625,141400,NIFTY,2015-09-07
7688.25,7720.89990234375,7539.5,7587.7001953125,172200,NIFTY,2015-09-08
7818.60009765625,7846.0498046875,7764.5498046875,7805.85009765625,208400,NIFTY,2015-09-09
7788.10009765625,7819.85009765625,7678.5,7729.0498046875,160300,NIFTY,2015-09-10
7789.2998046875,7864.85009765625,7759.89990234375,7833.7998046875,136400,NIFTY,2015-09-11
7872.25,7879.9501953125,7761.85009765625,7811.10009765625,122800,NIFTY,2015-09-14
7829.10009765625,7880.0,7799.75,7867.35009765625,136500,NIFTY,2015-09-15
7899.14990234375,7913.89990234375,7853.2998046875,7886.85009765625,140000,NIFTY,2015-09-16
7981.89990234375,8055.0,7955.85009765625,7967.4501953125,241800,NIFTY,2015-09-18
7977.10009765625,7987.89990234375,7908.35009765625,7911.5,121800,NIFTY,2015-09-21
7812.0,8021.60009765625,7787.75,8014.7998046875,168400,NIFTY,2015-09-22
7845.9501953125,7882.89990234375,7723.25,7737.35009765625,146700,NIFTY,2015-09-23
7868.5,7894.5,7804.10009765625,7838.39990234375,202500,NIFTY,2015-09-24
7795.7001953125,7893.9501953125,7787.9501953125,7892.7998046875,136300,NIFTY,2015-09-28
7843.2998046875,7926.5498046875,7691.2001953125,7725.7001953125,240700,NIFTY,2015-09-29
7948.89990234375,7957.7001953125,7874.5,7924.25,210700,NIFTY,2015-09-30
7950.89990234375,8008.25,7930.64990234375,7992.0498046875,156900,NIFTY,2015-10-01
8119.2998046875,8128.89990234375,8005.10009765625,8005.10009765625,183100,NIFTY,2015-10-05
8152.89990234375,8180.9501953125,8096.5,8180.4501953125,178500,NIFTY,2015-10-06
8177.39990234375,8188.89990234375,8132.89990234375,8146.2001953125,193900,NIFTY,2015-10-07
8129.35009765625,8196.75,8105.85009765625,8196.75,171700,NIFTY,2015-10-08
8189.7001953125,8232.2001953125,8139.64990234375,8186.35009765625,199700,NIFTY,2015-10-09
8143.60009765625,8244.5,8128.2001953125,8231.5,199100,NIFTY,2015-10-12
8131.7001953125,8150.25,8088.60009765625,8121.9501953125,145900,NIFTY,2015-10-13
8107.89990234375,8139.2998046875,8096.35009765625,8102.39990234375,138900,NIFTY,2015-10-14
8179.5,8190.5498046875,8129.7998046875,8134.35009765625,167200,NIFTY,2015-10-15
8238.150390625,8246.400390625,8147.64990234375,8193.650390625,156400,NIFTY,2015-10-16
8275.0498046875,8283.0498046875,8239.2001953125,8262.5498046875,124500,NIFTY,2015-10-19
8261.650390625,8294.0498046875,8229.2001953125,8280.2998046875,155100,NIFTY,2015-10-20
8251.7001953125,8294.400390625,8217.150390625,8258.349609375,144800,NIFTY,2015-10-21
8295.4501953125,8328.099609375,8280.75,8308.25,152000,NIFTY,2015-10-23
8260.5498046875,8336.2998046875,8252.0498046875,8333.650390625,133900,NIFTY,2015-10-26
8232.900390625,8241.9501953125,8217.0498046875,8230.349609375,156700,NIFTY,2015-10-27
8171.2001953125,8209.099609375,8131.7998046875,8188.89990234375,188900,NIFTY,2015-10-28
8111.75,8179.60009765625,8098.0,8175.4501953125,217500,NIFTY,2015-10-29
8065.7998046875,8146.10009765625,8044.39990234375,8123.5498046875,199500,NIFTY,2015-10-30
8050.7998046875,8060.7001953125,7995.60009765625,8054.5498046875,136100,NIFTY,2015-11-02
8060.7001953125,8100.35009765625,8031.75,8086.35009765625,132500,NIFTY,2015-11-03
8040.2001953125,8116.10009765625,8027.2998046875,8104.89990234375,122100,NIFTY,2015-11-04
7955.4501953125,8031.2001953125,7944.10009765625,8030.35009765625,132100,NIFTY,2015-11-05
7954.2998046875,8002.64990234375,7926.14990234375,7956.5498046875,219500,NIFTY,2015-11-06
7915.2001953125,7937.75,7771.7001953125,7788.25,211800,NIFTY,2015-11-09
7783.35009765625,7885.10009765625,7772.85009765625,7877.60009765625,165200,NIFTY,2015-11-10
7762.25,7775.10009765625,7730.89990234375,7762.4501953125,160900,NIFTY,2015-11-13
7806.60009765625,7838.85009765625,7714.14990234375,7732.9501953125,149500,NIFTY,2015-11-16
7837.5498046875,7860.4501953125,7793.0,7848.75,145000,NIFTY,2015-11-17
7731.7998046875,7843.39990234375,7725.0498046875,7823.14990234375,143600,NIFTY,2015-11-18
7842.75,7854.89990234375,7765.4501953125,7788.5,132600,NIFTY,2015-11-19
7856.5498046875,7906.9501953125,7817.7998046875,7841.89990234375,151900,NIFTY,2015-11-20
7849.25,7877.5,7825.2001953125,7869.5,127000,NIFTY,2015-11-23
7831.60009765625,7870.35009765625,7812.64990234375,7837.0,130600,NIFTY,2015-11-24
7883.7998046875,7897.10009765625,7832.0,7837.14990234375,219800,NIFTY,2015-11-26
7942.7001953125,7959.2998046875,7879.4501953125,7910.60009765625,150300,NIFTY,2015-11-27
7935.25,7966.0,7922.7998046875,7936.25,216300,NIFTY,2015-11-30
7954.89990234375,7972.14990234375,7934.14990234375,7958.14990234375,138600,NIFTY,2015-12-01
7931.35009765625,7979.2998046875,7910.7998046875,7976.7001953125,126300,NIFTY,2015-12-02
7864.14990234375,7912.2998046875,7853.2998046875,7902.2998046875,125700,NIFTY,2015-12-03
7781.89990234375,7821.39990234375,7775.7001953125,7817.60009765625,152500,NIFTY,2015-12-04
7765.39990234375,7825.39990234375,7746.0498046875,7816.5498046875,137600,NIFTY,2015-12-07
7701.7001953125,7771.25,7685.4501953125,7738.5,135100,NIFTY,2015-12-08
7612.5,7702.85009765625,7606.89990234375,7695.5,140000,NIFTY,2015-12-09
7683.2998046875,7691.9501953125,7610.0,7643.2998046875,140800,NIFTY,2015-12-10
7610.4501953125,7703.0498046875,7575.2998046875,7699.60009765625,167800,NIFTY,2015-12-11
7650.0498046875,7663.9501953125,7551.0498046875,7558.2001953125,148900,NIFTY,2015-12-14
7700.89990234375,7705.0,7625.10009765625,7659.14990234375,134300,NIFTY,2015-12-15
7750.89990234375,7776.60009765625,7715.75,7725.25,154300,NIFTY,2015-12-16
7844.35009765625,7852.89990234375,7737.5498046875,7783.0498046875,175900,NIFTY,2015-12-17
7761.9501953125,7836.14990234375,7753.35009765625,7828.89990234375,191400,NIFTY,2015-12-18
7834.4501953125,7840.75,7733.4501953125,7745.64990234375,126300,NIFTY,2015-12-21
7786.10009765625,7846.2998046875,7776.85009765625,7829.39990234375,125700,NIFTY,2015-12-22
7865.9501953125,7871.4501953125,7826.10009765625,7830.4501953125,117900,NIFTY,2015-12-23
7861.0498046875,7888.75,7835.5,7888.75,93500,NIFTY,2015-12-24
7925.14990234375,7937.2001953125,7863.0,7863.2001953125,122900,NIFTY,2015-12-28
7928.9501953125,7942.14990234375,7902.75,7929.2001953125,113000,NIFTY,2015-12-29
7896.25,7944.75,7889.85009765625,7938.60009765625,106800,NIFTY,2015-12-30
7946.35009765625,7955.5498046875,7891.14990234375,7897.7998046875,150900,NIFTY,2015-12-31
7791.2998046875,7937.5498046875,7781.10009765625,7924.5498046875,134700,NIFTY,2016-01-04
7784.64990234375,7831.2001953125,7763.25,7828.39990234375,145200,NIFTY,2016-01-05
7741.0,7800.9501953125,7721.2001953125,7788.0498046875,147100,NIFTY,2016-01-06
7568.2998046875,7674.9501953125,7556.60009765625,7673.35009765625,188900,NIFTY,2016-01-07
7601.35009765625,7634.10009765625,7581.0498046875,7611.64990234375,157400,NIFTY,2016-01-08
7563.85009765625,7605.10009765625,7494.35009765625,7527.4501953125,189000,NIFTY,2016-01-11
7510.2998046875,7588.2998046875,7487.7998046875,7587.2001953125,163900,NIFTY,2016-01-12
7562.39990234375,7590.9501953125,7425.7998046875,7557.89990234375,215200,NIFTY,2016-01-13
7536.7998046875,7604.7998046875,7443.7998046875,7467.39990234375,200800,NIFTY,2016-01-14
7437.7998046875,7566.5,7427.2998046875,7561.64990234375,197500,NIFTY,2016-01-15
7351.0,7463.64990234375,7336.39990234375,7420.35009765625,233600,NIFTY,2016-01-18
7435.10009765625,7462.75,7364.14990234375,7381.7998046875,188300,NIFTY,2016-01-19
7309.2998046875,7470.89990234375,7241.5,7357.0,225600,NIFTY,2016-01-20
7276.7998046875,7398.7001953125,7250.0,7376.64990234375,240700,NIFTY,2016-01-21
7422.4501953125,7433.39990234375,7327.60009765625,7355.7001953125,229200,NIFTY,2016-01-22
7436.14990234375,7487.14990234375,7421.2001953125,7468.75,163200,NIFTY,2016-01-25
7437.75,7477.89990234375,7419.7001953125,7469.60009765625,187600,NIFTY,2016-01-27
7424.64990234375,7468.85009765625,7409.60009765625,7426.5,274500,NIFTY,2016-01-28
7563.5498046875,7575.64990234375,7402.7998046875,7413.35009765625,298700,NIFTY,2016-01-29
7555.9501953125,7600.4501953125,7541.25,7589.5,200400,NIFTY,2016-02-01
7455.5498046875,7576.2998046875,7428.0498046875,7566.64990234375,230200,NIFTY,2016-02-02
7361.7998046875,7419.39990234375,7350.2998046875,7392.4501953125,192000,NIFTY,2016-02-03
7404.0,7457.0498046875,7365.9501953125,7411.4501953125,222700,NIFTY,2016-02-04
7489.10009765625,7503.14990234375,7406.64990234375,7418.25,249800,NIFTY,2016-02-05
7387.25,7512.5498046875,7363.2001953125,7489.7001953125,171500,NIFTY,2016-02-08
7298.2001953125,7323.4501953125,7275.14990234375,7303.9501953125,212100,NIFTY,2016-02-09
7215.7001953125,7271.85009765625,7177.75,7264.2998046875,246900,NIFTY,2016-02-10
6976.35009765625,7208.64990234375,6959.9501953125,7203.60009765625,292300,NIFTY,2016-02-11
6980.9501953125,7034.7998046875,6869.0,7023.64990234375,333900,NIFTY,2016-02-12
7162.9501953125,7182.7998046875,7056.7998046875,7057.35009765625,354200,NIFTY,2016-02-15
7048.25,7204.64990234375,7037.7001953125,7201.25,253800,NIFTY,2016-02-16
7108.4501953125,7123.7001953125,6960.64990234375,7058.85009765625,260000,NIFTY,2016-02-17
7191.75,7215.10009765625,7127.85009765625,7177.39990234375,246700,NIFTY,2016-02-18
7210.75,7226.85009765625,7145.9501953125,7170.5498046875,192300,NIFTY,2016-02-19
7234.5498046875,7252.39990234375,7200.7001953125,7208.85009765625,154400,NIFTY,2016-02-22
7109.5498046875,7241.7001953125,7090.7001953125,7240.2998046875,194400,NIFTY,2016-02-23
7018.7001953125,7090.7998046875,7009.75,7075.0,199700,NIFTY,2016-02-24
6970.60009765625,7034.2001953125,6961.39990234375,7029.85009765625,283100,NIFTY,2016-02-25
7029.75,7052.89990234375,6985.10009765625,7039.2998046875,206700,NIFTY,2016-02-26
6987.0498046875,7094.60009765625,6825.7998046875,7050.4501953125,473400,NIFTY,2016-02-29
7222.2998046875,7235.5,7035.10009765625,7038.25,275100,NIFTY,2016-03-01
7368.85009765625,7380.35009765625,7308.14990234375,7321.7001953125,338500,NIFTY,2016-03-02
7475.60009765625,7483.9501953125,7406.0498046875,7429.5498046875,278600,NIFTY,2016-03-03
7485.35009765625,7505.89990234375,7444.10009765625,7505.39990234375,281700,NIFTY,2016-03-04
7485.2998046875,7527.14990234375,7442.14990234375,7486.39990234375,257000,NIFTY,2016-03-08
7531.7998046875,7539.0,7424.2998046875,7436.10009765625,245100,NIFTY,2016-03-09
7486.14990234375,7547.10009765625,7447.39990234375,7545.35009765625,224700,NIFTY,2016-03-10
7510.2001953125,7543.9501953125,7460.60009765625,7484.85009765625,198700,NIFTY,2016-03-11
7538.75,7583.7001953125,7515.0498046875,7542.60009765625,166900,NIFTY,2016-03-14
7460.60009765625,7545.2001953125,7452.7998046875,7535.85009765625,193700,NIFTY,2016-03-15
7498.75,7508.0,7405.14990234375,7457.0498046875,195400,NIFTY,2016-03-16
7512.5498046875,7585.2998046875,7479.39990234375,7557.39990234375,239600,NIFTY,2016-03-17
7604.35009765625,7613.60009765625,7517.89990234375,7534.64990234375,237400,NIFTY,2016-03-18
7704.25,7713.5498046875,7617.7001953125,7619.2001953125,196800,NIFTY,2016-03-21
7714.89990234375,7728.2001953125,7643.7998046875,7695.5498046875,208900,NIFTY,2016-03-22
7716.5,7726.85009765625,7670.60009765625,7717.4501953125,199600,NIFTY,2016-03-23
7615.10009765625,7749.39990234375,7587.7001953125,7741.0,242400,NIFTY,2016-03-28
7597.0,7652.89990234375,7582.25,7606.5498046875,216800,NIFTY,2016-03-29
7735.2001953125,7741.9501953125,7643.4501953125,7651.10009765625,232600,NIFTY,2016-03-30
7738.39990234375,7777.60009765625,7702.0,7727.64990234375,380100,NIFTY,2016-03-31
7713.0498046875,7740.14990234375,7666.10009765625,7718.0498046875,183900,NIFTY,2016-04-01
7758.7998046875,7764.4501953125,7704.39990234375,7733.14990234375,155500,NIFTY,2016-04-04
7603.2001953125,7736.2998046875,7588.64990234375,7736.2998046875,203800,NIFTY,2016-04-05
7614.35009765625,7638.64990234375,7591.75,7636.0498046875,165600,NIFTY,2016-04-06
7546.4501953125,7630.75,7535.85009765625,7630.39990234375,234400,NIFTY,2016-04-07
7555.2001953125,7569.35009765625,7526.7001953125,7542.35009765625,143400,NIFTY,2016-04-08
7671.39990234375,7678.7998046875,7516.85009765625,7577.7998046875,179800,NIFTY,2016-04-11
7708.9501953125,7717.39990234375,7663.35009765625,7669.25,163400,NIFTY,2016-04-12
7850.4501953125,7864.7998046875,7772.2001953125,7777.14990234375,220400,NIFTY,2016-04-13
7914.7001953125,7920.60009765625,7842.75,7908.14990234375,184600,NIFTY,2016-04-18
7914.75,7950.39990234375,7877.5498046875,7950.0498046875,205300,NIFTY,2016-04-20
7912.0498046875,7978.4501953125,7884.10009765625,7953.64990234375,223700,NIFTY,2016-04-21
7899.2998046875,7923.35009765625,7873.35009765625,7891.7998046875,183300,NIFTY,2016-04-22
7855.0498046875,7911.0,7827.0,7894.7998046875,146300,NIFTY,2016-04-25
7962.64990234375,7974.5,7822.5498046875,7828.14990234375,202400,NIFTY,2016-04-26
7979.89990234375,7991.0,7940.5498046875,7942.0,206800,NIFTY,2016-04-27
7847.25,7992.0,7834.4501953125,7967.39990234375,292500,NIFTY,2016-04-28
7849.7998046875,7889.0498046875,7788.7001953125,7844.25,243700,NIFTY,2016-04-29
7805.89990234375,7829.7998046875,7777.2998046875,7822.7001953125,146300,NIFTY,2016-05-02
7747.0,7890.25,7735.14990234375,7824.7998046875,186500,NIFTY,2016-05-03
7706.5498046875,7749.0,7697.25,7724.14990234375,199700,NIFTY,2016-05-04
7735.5,7777.5498046875,7706.85009765625,7731.0,185100,NIFTY,2016-05-05
7733.4501953125,7738.89990234375,7678.35009765625,7717.64990234375,163600,NIFTY,2016-05-06
7866.0498046875,7873.64990234375,7753.5498046875,7755.25,160600,NIFTY,2016-05-09
7887.7998046875,7896.89990234375,7837.7001953125,7873.5498046875,162000,NIFTY,2016-05-10
7848.85009765625,7893.10009765625,7780.89990234375,7804.64990234375,214100,NIFTY,2016-05-11
7900.39990234375,7916.0498046875,7849.64990234375,7871.4501953125,152700,NIFTY,2016-05-12
7814.89990234375,7881.0,7784.2001953125,7881.0,179500,NIFTY,2016-05-13
7860.75,7873.89990234375,7772.14990234375,7831.2001953125,205200,NIFTY,2016-05-16
7890.75,7940.10009765625,7879.7001953125,7896.85009765625,183400,NIFTY,2016-05-17
7870.14990234375,7882.0498046875,7810.75,7846.75,156400,NIFTY,2016-05-18
7783.39990234375,7876.2001953125,7766.7998046875,7875.5,170400,NIFTY,2016-05-19
7749.7001953125,7812.39990234375,7735.75,7792.2001953125,157000,NIFTY,2016-05-20
7731.0498046875,7820.60009765625,7722.2001953125,7813.9501953125,172000,NIFTY,2016-05-23
7748.85009765625,7761.5498046875,7715.7998046875,7738.0498046875,147000,NIFTY,2016-05-24
7934.89990234375,7941.2001953125,7809.2998046875,7811.7998046875,176200,NIFTY,2016-05-25
8069.64990234375,8083.0,7948.5,7974.4501953125,264300,NIFTY,2016-05-26
8156.64990234375,8164.2001953125,8077.0498046875,8081.9501953125,260900,NIFTY,2016-05-27
8178.5,8200.0,8150.7998046875,8166.5,247400,NIFTY,2016-05-30
8160.10009765625,8213.599609375,8134.2998046875,8209.849609375,471000,NIFTY,2016-05-31
8179.9501953125,8215.349609375,8171.0498046875,8179.2001953125,194400,NIFTY,2016-06-01
8218.9501953125,8229.5,8154.75,8156.89990234375,181700,NIFTY,2016-06-02
8220.7998046875,8262.0,8209.849609375,8246.2001953125,379000,NIFTY,2016-06-03
8201.0498046875,8234.7001953125,8186.0498046875,8228.75,171600,NIFTY,2016-06-06
8266.4501953125,8294.9501953125,8216.400390625,8235.5498046875,241900,NIFTY,2016-06-07
8273.0498046875,8288.900390625,8252.0498046875,8285.5,174300,NIFTY,2016-06-08
8203.599609375,8273.349609375,8184.60009765625,8273.349609375,174900,NIFTY,2016-06-09
8170.0498046875,8265.599609375,8162.85009765625,8180.25,182200,NIFTY,2016-06-10
8110.60009765625,8125.25,8063.89990234375,8102.25,169700,NIFTY,2016-06-13
8108.85009765625,8134.9501953125,8069.5,8134.39990234375,145500,NIFTY,2016-06-14
8206.599609375,8213.2001953125,8123.14990234375,8139.39990234375,169800,NIFTY,2016-06-15
8140.75,8180.64990234375,8074.4501953125,8180.64990234375,189200,NIFTY,2016-06-16
8170.2001953125,8195.25,8135.7998046875,8176.64990234375,166600,NIFTY,2016-06-17
8238.5,8244.150390625,8107.35009765625,8115.75,168600,NIFTY,2016-06-20
8219.900390625,8257.25,8202.150390625,8255.400390625,137000,NIFTY,2016-06-21
8203.7001953125,8238.349609375,8153.25,8213.650390625,136100,NIFTY,2016-06-22
8270.4501953125,8285.599609375,8188.2998046875,8201.150390625,154100,NIFTY,2016-06-23
8088.60009765625,8100.7001953125,7927.0498046875,8029.10009765625,297600,NIFTY,2016-06-24
8094.7001953125,8120.64990234375,8039.35009765625,8039.35009765625,162500,NIFTY,2016-06-27
8127.85009765625,8146.35009765625,8086.85009765625,8096.0498046875,170400,NIFTY,2016-06-28
8204.0,8212.400390625,8157.64990234375,8173.10009765625,147000,NIFTY,2016-06-29
8287.75,8308.150390625,8242.099609375,8260.25,279400,NIFTY,2016-06-30
8328.349609375,8356.75,8308.650390625,8313.0498046875,165500,NIFTY,2016-07-01
8370.7001953125,8398.4501953125,8364.7001953125,8376.75,154200,NIFTY,2016-07-04
8335.9501953125,8381.4501953125,8319.9501953125,8379.2998046875,139000,NIFTY,2016-07-05
8337.900390625,8361.9501953125,8317.7001953125,8342.0,155500,NIFTY,2016-07-07
8323.2001953125,8353.2998046875,8287.5498046875,8350.0,137900,NIFTY,2016-07-08
8467.900390625,8475.25,8407.0498046875,8413.349609375,149800,NIFTY,2016-07-11
8521.0498046875,8526.599609375,8479.2001953125,8502.599609375,183600,NIFTY,2016-07-12
8519.5,8550.25,8493.5498046875,8540.4501953125,195500,NIFTY,2016-07-13
8565.0,8571.400390625,8500.7001953125,8515.75,153900,NIFTY,2016-07-14
8541.400390625,8594.7998046875,8510.0498046875,8565.4501953125,221700,NIFTY,2016-07-15
8508.7001953125,8587.099609375,8494.349609375,8564.0498046875,164300,NIFTY,2016-07-18
8528.5498046875,8540.0498046875,8476.7001953125,8514.2998046875,167900,NIFTY,2016-07-19
8565.849609375,8569.900390625,8512.5498046875,8515.4501953125,160300,NIFTY,2016-07-20
8510.099609375,8585.25,8503.4501953125,8582.7001953125,150000,NIFTY,2016-07-21
8541.2001953125,8548.9501953125,8489.7998046875,8519.650390625,143200,NIFTY,2016-07-22
8635.650390625,8641.150390625,8517.2001953125,8519.9501953125,150000,NIFTY,2016-07-25
8590.650390625,8644.900390625,8577.150390625,8633.75,154800,NIFTY,2016-07-26
8615.7998046875,8665.0,8572.0498046875,8599.400390625,184100,NIFTY,2016-07-27
8666.2998046875,8674.7001953125,8625.25,8636.9501953125,233500,NIFTY,2016-07-28
8638.5,8670.349609375,8631.150390625,8668.2998046875,157000,NIFTY,2016-07-29
8636.5498046875,8711.2998046875,8590.5,8654.2998046875,188400,NIFTY,2016-08-01
8622.900390625,8687.2001953125,8611.400390625,8647.4501953125,169400,NIFTY,2016-08-02
8544.849609375,8635.4501953125,8529.599609375,8635.2001953125,163000,NIFTY,2016-08-03
8551.099609375,8601.400390625,8518.150390625,8599.9501953125,164700,NIFTY,2016-08-04
8683.150390625,8689.400390625,8590.150390625,8600.2001953125,157900,NIFTY,2016-08-05
8711.349609375,8723.5,8697.599609375,8712.849609375,172600,NIFTY,2016-08-08
8678.25,8728.349609375,8638.2001953125,8727.7998046875,200100,NIFTY,2016-08-09
8575.2998046875,8690.099609375,8564.599609375,8686.7001953125,173600,NIFTY,2016-08-10
8592.150390625,8601.150390625,8540.0498046875,8572.7998046875,189200,NIFTY,2016-08-11
8642.5498046875,8682.349609375,8600.4501953125,8670.25,224800,NIFTY,2016-08-16
8624.0498046875,8667.099609375,8603.599609375,8639.7998046875,174100,NIFTY,2016-08-17
8673.25,8690.7001953125,8645.0498046875,8648.849609375,164300,NIFTY,2016-08-18
8666.900390625,8696.599609375,8647.099609375,8694.2998046875,191900,NIFTY,2016-08-19
8629.150390625,8684.849609375,8614.0,8667.0,152300,NIFTY,2016-08-22
8632.599609375,8642.150390625,8580.0,8628.349609375,187500,NIFTY,2016-08-23
8650.2998046875,8661.0498046875,8620.900390625,8648.5,149600,NIFTY,2016-08-24
8592.2001953125,8683.0498046875,8583.650390625,8668.849609375,213100,NIFTY,2016-08-25
8572.5498046875,8622.9501953125,8547.5498046875,8614.349609375,147500,NIFTY,2016-08-26
8607.4501953125,8622.0,8543.75,8583.75,129700,NIFTY,2016-08-29
8744.349609375,8750.599609375,8642.25,8646.75,150200,NIFTY,2016-08-30
8786.2001953125,8819.2001953125,8754.0498046875,8754.0498046875,362200,NIFTY,2016-08-31
8774.650390625,8813.25,8759.9501953125,8793.599609375,238900,NIFTY,2016-09-01
8809.650390625,8824.099609375,8768.2001953125,8796.349609375,191500,NIFTY,2016-09-02
8943.0,8950.849609375,8848.4501953125,8852.7001953125,195600,NIFTY,2016-09-06
8917.9501953125,8968.7001953125,8913.349609375,8968.7001953125,290100,NIFTY,2016-09-07
8952.5,8960.349609375,8896.0,8915.5,217200,NIFTY,2016-09-08
8866.7001953125,8939.150390625,8858.7001953125,8934.2998046875,175900,NIFTY,2016-09-09
8715.599609375,8746.9501953125,8699.400390625,8732.9501953125,184500,NIFTY,2016-09-12
8726.599609375,8739.849609375,8688.900390625,8710.650390625,184300,NIFTY,2016-09-14
8742.5498046875,8751.9501953125,8704.349609375,8743.849609375,145400,NIFTY,2016-09-15
8779.849609375,8847.650390625,8750.5,8780.849609375,265800,NIFTY,2016-09-16
8808.400390625,8824.2998046875,8774.2001953125,8788.4501953125,131700,NIFTY,2016-09-19
8775.900390625,8816.4501953125,8759.2998046875,8816.099609375,136500,NIFTY,2016-09-20
8777.150390625,8826.849609375,8757.2998046875,8790.2998046875,148800,NIFTY,2016-09-21
8867.4501953125,8893.349609375,8837.7998046875,8873.349609375,172800,NIFTY,2016-09-22
8831.5498046875,8885.2001953125,8820.2998046875,8880.75,185900,NIFTY,2016-09-23
8723.0498046875,8809.5498046875,8715.099609375,8807.900390625,164000,NIFTY,2016-09-26
8706.400390625,8768.5,8690.5,8748.900390625,151400,NIFTY,2016-09-27
8745.150390625,8767.0498046875,8703.150390625,8711.2001953125,165500,NIFTY,2016-09-28
8591.25,8800.650390625,8558.25,8792.7001953125,372900,NIFTY,2016-09-29
8611.150390625,8637.150390625,8555.2001953125,8581.5,181700,NIFTY,2016-09-30
8738.099609375,8745.2001953125,8635.0,8666.150390625,137300,NIFTY,2016-10-03
8769.150390625,8783.650390625,8736.099609375,8770.0,184300,NIFTY,2016-10-04
8743.9501953125,8806.9501953125,8731.400390625,8806.349609375,157200,NIFTY,2016-10-05
8709.5498046875,8781.150390625,8684.650390625,8768.7001953125,163600,NIFTY,2016-10-06
8697.599609375,8723.7001953125,8663.7998046875,8721.7001953125,150400,NIFTY,2016-10-07
8708.7998046875,8745.7998046875,8703.9501953125,8735.349609375,108400,NIFTY,2016-10-10
8573.349609375,8681.5498046875,8541.349609375,8671.5,212300,NIFTY,2016-10-13
8583.400390625,8604.4501953125,8549.7998046875,8594.0,162800,NIFTY,2016-10-14
8520.400390625,8615.400390625,8506.150390625,8612.9501953125,197400,NIFTY,2016-10-17
8677.900390625,8685.099609375,8555.900390625,8556.0498046875,216600,NIFTY,2016-10-18
8659.099609375,8698.75,8636.7001953125,8697.5,172100,NIFTY,2016-10-19
8699.400390625,8727.0,8678.2998046875,8693.349609375,161000,NIFTY,2016-10-20
8693.0498046875,8709.099609375,8652.0498046875,8708.599609375,157300,NIFTY,2016-10-21
8708.9501953125,8736.9501953125,8684.150390625,8709.849609375,157100,NIFTY,2016-10-24
8691.2998046875,8722.650390625,8663.4501953125,8721.7001953125,189800,NIFTY,2016-10-25
8615.25,8657.2998046875,8596.599609375,8657.2998046875,219300,NIFTY,2016-10-26
8615.25,8624.849609375,8550.25,8607.099609375,242800,NIFTY,2016-10-27
8638.0,8653.75,8581.75,8625.0,175500,NIFTY,2016-10-28
8626.25,8669.599609375,8614.5,8653.150390625,165000,NIFTY,2016-11-01
8514.0,8549.5,8504.849609375,8542.7998046875,155300,NIFTY,2016-11-02
8484.9501953125,8537.650390625,8476.150390625,8499.849609375,170500,NIFTY,2016-11-03
8433.75,8504.0,8400.25,8503.599609375,224800,NIFTY,2016-11-04
8497.0498046875,8535.849609375,8481.4501953125,8535.75,172800,NIFTY,2016-11-07
8543.5498046875,8559.400390625,8480.099609375,8540.0,195700,NIFTY,2016-11-08
8432.0,8476.2001953125,8002.25,8067.5,314300,NIFTY,2016-11-09
8525.75,8598.4501953125,8510.7001953125,8555.599609375,263100,NIFTY,2016-11-10
8296.2998046875,8460.599609375,8284.9501953125,8456.650390625,266900,NIFTY,2016-11-11
8108.4501953125,8288.5498046875,8093.2001953125,8284.849609375,359200,NIFTY,2016-11-15
8111.60009765625,8210.0498046875,8089.39990234375,8205.650390625,269500,NIFTY,2016-11-16
8079.9501953125,8151.25,8060.2998046875,8105.10009765625,191300,NIFTY,2016-11-17
8074.10009765625,8128.9501953125,8048.2998046875,8097.5498046875,161200,NIFTY,2016-11-18
7929.10009765625,8102.4501953125,7916.39990234375,8102.10009765625,218800,NIFTY,2016-11-21
8002.2998046875,8019.0498046875,7938.14990234375,7989.14990234375,210200,NIFTY,2016-11-22
8033.2998046875,8055.2001953125,7973.10009765625,8051.2001953125,181000,NIFTY,2016-11-23
7965.5,8024.85009765625,7952.5498046875,8011.7998046875,260500,NIFTY,2016-11-24
8114.2998046875,8122.25,7976.75,8007.9501953125,177900,NIFTY,2016-11-25
8126.89990234375,8146.5,8066.5,8080.64990234375,189700,NIFTY,2016-11-28
8142.14990234375,8197.349609375,8128.7001953125,8131.5498046875,189700,NIFTY,2016-11-29
8224.5,8234.25,8139.25,8172.14990234375,248000,NIFTY,2016-11-30
8192.900390625,8250.7998046875,8185.0498046875,8244.0,157700,NIFTY,2016-12-01
8086.7998046875,8159.2998046875,8070.0498046875,8153.5498046875,171500,NIFTY,2016-12-02
8128.75,8141.89990234375,8056.85009765625,8088.75,126500,NIFTY,2016-12-05
8143.14990234375,8178.7001953125,8130.85009765625,8153.14990234375,115300,NIFTY,2016-12-06
8102.0498046875,8190.4501953125,8077.5,8168.39990234375,169800,NIFTY,2016-12-07
8246.849609375,8256.25,8151.75,8152.10009765625,142500,NIFTY,2016-12-08
8261.75,8274.9501953125,8241.9501953125,8271.7001953125,149700,NIFTY,2016-12-09
8170.7998046875,8230.650390625,8154.4501953125,8230.650390625,108100,NIFTY,2016-12-12
8221.7998046875,8228.849609375,8155.7998046875,8196.150390625,184000,NIFTY,2016-12-13
8182.4501953125,8229.400390625,8165.10009765625,8229.349609375,144600,NIFTY,2016-12-14
8153.60009765625,8225.900390625,8121.9501953125,8128.39990234375,181800,NIFTY,2016-12-15
8139.4501953125,8178.7001953125,8127.4501953125,8178.2001953125,203000,NIFTY,2016-12-16
8104.35009765625,8132.5,8094.85009765625,8126.0,107400,NIFTY,2016-12-19
8082.39990234375,8124.10009765625,8062.75,8110.60009765625,128000,NIFTY,2016-12-20
8061.2998046875,8112.5498046875,8053.25,8105.85009765625,123700,NIFTY,2016-12-21
7979.10009765625,8046.4501953125,7964.9501953125,8043.85009765625,122600,NIFTY,2016-12-22
7985.75,8022.60009765625,7942.0498046875,7972.5,124100,NIFTY,2016-12-23
7908.25,7970.0498046875,7893.7998046875,7965.10009765625,106900,NIFTY,2016-12-26
8032.85009765625,8044.64990234375,7903.7001953125,7915.0498046875,118800,NIFTY,2016-12-27
8034.85009765625,8100.5498046875,8028.39990234375,8047.5498046875,126700,NIFTY,2016-12-28
8103.60009765625,8111.10009765625,8020.7998046875,8030.60009765625,178500,NIFTY,2016-12-29
8185.7998046875,8197.0,8114.75,8119.64990234375,127600,NIFTY,2016-12-30
8179.5,8212.0,8133.7998046875,8210.099609375,118300,NIFTY,2017-01-02
8192.25,8219.099609375,8148.60009765625,8196.0498046875,127300,NIFTY,2017-01-03
8190.5,8218.5,8180.89990234375,8202.650390625,132400,NIFTY,2017-01-04
8273.7998046875,8282.650390625,8223.7001953125,8226.650390625,159100,NIFTY,2017-01-05
8243.7998046875,8306.849609375,8233.25,8281.849609375,139400,NIFTY,2017-01-06
8236.0498046875,8263.0,8227.75,8259.349609375,99100,NIFTY,2017-01-09
8288.599609375,8293.7998046875,8261.0,8262.7001953125,142900,NIFTY,2017-01-10
8380.650390625,8389.0,8322.25,8327.7998046875,186500,NIFTY,2017-01-11
8407.2001953125,8417.2001953125,8382.2998046875,8391.0498046875,172600,NIFTY,2017-01-12
8400.349609375,8461.0498046875,8373.150390625,8457.650390625,185300,NIFTY,2017-01-13
8412.7998046875,8426.7001953125,8374.400390625,8390.9501953125,124100,NIFTY,2017-01-16
8398.0,8440.900390625,8378.2998046875,8415.0498046875,122000,NIFTY,2017-01-17
8417.0,8460.2998046875,8397.400390625,8403.849609375,163800,NIFTY,2017-01-18
8435.099609375,8445.150390625,8404.0498046875,8418.400390625,165900,NIFTY,2017-01-19
8349.349609375,8423.650390625,8340.9501953125,8404.349609375,202600,NIFTY,2017-01-20
8391.5,8404.150390625,8327.2001953125,8329.599609375,195000,NIFTY,2017-01-23
8475.7998046875,8480.9501953125,8398.150390625,8407.0498046875,179200,NIFTY,2017-01-24
8602.75,8612.599609375,8493.9501953125,8499.4501953125,292500,NIFTY,2017-01-25
8641.25,8672.7001953125,8606.900390625,8610.5,275400,NIFTY,2017-01-27
8632.75,8662.599609375,8617.75,8635.5498046875,304700,NIFTY,2017-01-30
8561.2998046875,8631.75,8552.400390625,8629.4501953125,521000,NIFTY,2017-01-31
8716.400390625,8722.400390625,8537.5,8570.349609375,327700,NIFTY,2017-02-01
8734.25,8757.599609375,8685.7998046875,8724.75,283500,NIFTY,2017-02-02
8740.9501953125,8748.25,8707.75,8735.150390625,191000,NIFTY,2017-02-03
8801.0498046875,8814.099609375,8770.2001953125,8785.4501953125,194400,NIFTY,2017-02-06
8768.2998046875,8809.2998046875,8741.0498046875,8805.7001953125,226300,NIFTY,2017-02-07
8769.0498046875,8791.25,8715.0,8774.5498046875,218700,NIFTY,2017-02-08
8778.400390625,8821.400390625,8724.099609375,8795.5498046875,187500,NIFTY,2017-02-09
8793.5498046875,8822.099609375,8771.2001953125,8812.349609375,225900,NIFTY,2017-02-10
8805.0498046875,8826.900390625,8754.2001953125,8819.7998046875,204900,NIFTY,2017-02-13
8792.2998046875,8820.4501953125,8772.5,8819.900390625,188300,NIFTY,2017-02-14
8724.7001953125,8807.900390625,8712.849609375,8778.9501953125,216100,NIFTY,2017-02-15
8778.0,8783.9501953125,8719.599609375,8739.0,184600,NIFTY,2017-02-16
8821.7001953125,8896.4501953125,8804.25,8883.7001953125,298300,NIFTY,2017-02-17
8879.2001953125,8886.25,8809.7998046875,8818.5498046875,167800,NIFTY,2017-02-20
8907.849609375,8920.7998046875,8860.9501953125,8890.75,175700,NIFTY,2017-02-21
8926.900390625,8960.75,8905.25,8931.599609375,247100,NIFTY,2017-02-22
8939.5,8982.150390625,8927.5498046875,8956.400390625,377200,NIFTY,2017-02-23
8896.7001953125,8951.7998046875,8888.650390625,8943.7001953125,189900,NIFTY,2017-02-27
8879.599609375,8914.75,8867.599609375,8898.9501953125,293600,NIFTY,2017-02-28
8945.7998046875,8960.7998046875,8898.599609375,8904.400390625,205900,NIFTY,2017-03-01
8899.75,8992.5,8879.7998046875,8982.849609375,218800,NIFTY,2017-03-02
8897.5498046875,8907.099609375,8860.099609375,8883.5,202600,NIFTY,2017-03-03
8963.4501953125,8967.7998046875,8914.0,8915.099609375,174800,NIFTY,2017-03-06
8946.900390625,8977.849609375,8932.7998046875,8977.75,173400,NIFTY,2017-03-07
8924.2998046875,8957.0498046875,8891.9501953125,8950.7001953125,177800,NIFTY,2017-03-08
8927.0,8945.7998046875,8899.5,8914.5,171500,NIFTY,2017-03-09
8934.5498046875,8975.7001953125,8903.9501953125,8953.7001953125,152700,NIFTY,2017-03-10
9087.0,9122.75,9060.5,9091.650390625,270300,NIFTY,2017-03-14
9084.7998046875,9106.5498046875,9075.5,9086.849609375,240600,NIFTY,2017-03-15
9153.7001953125,9158.4501953125,9128.5498046875,9129.650390625,208600,NIFTY,2017-03-16
9160.0498046875,9218.400390625,9147.599609375,9207.7998046875,286700,NIFTY,2017-03-17
9126.849609375,9167.599609375,9116.2998046875,9166.9501953125,332100,NIFTY,2017-03-20
9121.5,9147.75,9087.2001953125,9133.9501953125,247700,NIFTY,2017-03-21
9030.4501953125,9072.900390625,9019.2998046875,9047.2001953125,232300,NIFTY,2017-03-22
9086.2998046875,9099.0498046875,9048.599609375,9048.75,191800,NIFTY,2017-03-23
9108.0,9133.5498046875,9089.400390625,9104.0,203700,NIFTY,2017-03-24
9045.2001953125,9094.849609375,9024.650390625,9093.4501953125,202700,NIFTY,2017-03-27
9100.7998046875,9110.400390625,9079.7998046875,9081.5,183300,NIFTY,2017-03-28
9143.7998046875,9153.150390625,9109.099609375,9128.7001953125,243400,NIFTY,2017-03-29
9173.75,9183.150390625,9136.349609375,9142.599609375,323400,NIFTY,2017-03-30
9173.75,9191.7001953125,9152.099609375,9158.900390625,190900,NIFTY,2017-03-31
9237.849609375,9245.349609375,9192.400390625,9220.599609375,139100,NIFTY,2017-04-03
9265.150390625,9273.900390625,9215.400390625,9264.400390625,184800,NIFTY,2017-04-05
9261.9501953125,9267.9501953125,9218.849609375,9245.7998046875,186100,NIFTY,2017-04-06
9198.2998046875,9250.5,9188.099609375,9223.7001953125,190000,NIFTY,2017-04-07
9181.4501953125,9225.650390625,9174.849609375,9225.599609375,135800,NIFTY,2017-04-10
9237.0,9242.7001953125,9172.849609375,9184.5498046875,200100,NIFTY,2017-04-11
9203.4501953125,9246.400390625,9161.7998046875,9242.5,161800,NIFTY,2017-04-12
9150.7998046875,9202.650390625,9144.9501953125,9202.5,166500,NIFTY,2017-04-13
9139.2998046875,9160.0,9120.25,9144.75,0,NIFTY,2017-04-17
9105.150390625,9217.900390625,9095.4501953125,9163.0,174200,NIFTY,2017-04-18
9103.5,9120.5,9075.150390625,9112.2001953125,173700,NIFTY,2017-04-19
9136.400390625,9143.900390625,9102.650390625,9108.099609375,170300,NIFTY,2017-04-20
9119.400390625,9183.650390625,9088.75,9179.099609375,155200,NIFTY,2017-04-21
9217.9501953125,9225.400390625,9130.5498046875,9135.349609375,167700,NIFTY,2017-04-24
9306.599609375,9309.2001953125,9250.349609375,9273.0498046875,168700,NIFTY,2017-04-25
9351.849609375,9367.0,9301.349609375,9336.2001953125,185700,NIFTY,2017-04-26
9342.150390625,9367.150390625,9322.650390625,9359.150390625,209400,NIFTY,2017-04-27
9304.0498046875,9342.650390625,9282.25,9340.9501953125,162200,NIFTY,2017-04-28
9313.7998046875,9352.5498046875,9269.900390625,9339.849609375,161600,NIFTY,2017-05-02
9311.9501953125,9346.2998046875,9298.400390625,9344.7001953125,151600,NIFTY,2017-05-03
9359.900390625,9365.650390625,9323.25,9360.9501953125,269600,NIFTY,2017-05-04
9285.2998046875,9377.099609375,9272.0,9374.5498046875,231900,NIFTY,2017-05-05
9314.0498046875,9338.7001953125,9297.9501953125,9311.4501953125,174300,NIFTY,2017-05-08
9316.849609375,9338.9501953125,9307.7001953125,9337.349609375,132300,NIFTY,2017-05-09
9407.2998046875,9414.75,9336.0,9339.650390625,152700,NIFTY,2017-05-10
9422.400390625,9450.650390625,9411.2998046875,9448.599609375,171100,NIFTY,2017-05-11
9400.900390625,9437.75,9372.5498046875,9436.650390625,154300,NIFTY,2017-05-12
9445.400390625,9449.25,9423.099609375,9433.5498046875,140800,NIFTY,2017-05-15
9512.25,9517.2001953125,9456.349609375,9461.0,166500,NIFTY,2017-05-16
9525.75,9532.599609375,9486.099609375,9517.599609375,205500,NIFTY,2017-05-17
9429.4501953125,9489.099609375,9418.099609375,9453.2001953125,193300,NIFTY,2017-05-18
9427.900390625,9505.75,9390.75,9469.900390625,252100,NIFTY,2017-05-19
9438.25,9498.650390625,9427.900390625,9480.25,196800,NIFTY,2017-05-22
9386.150390625,9448.0498046875,9370.0,9445.0498046875,224400,NIFTY,2017-05-23
9360.5498046875,9431.900390625,9341.650390625,9410.900390625,211800,NIFTY,2017-05-24
9509.75,9523.2998046875,9379.2001953125,9384.0498046875,289200,NIFTY,2017-05-25
9595.099609375,9604.900390625,9495.400390625,9507.75,218800,NIFTY,2017-05-26
9604.900390625,9637.75,9547.7001953125,9560.0498046875,235000,NIFTY,2017-05-29
9624.5498046875,9635.2998046875,9581.2001953125,9590.650390625,193900,NIFTY,2017-05-30
9621.25,9649.599609375,9609.25,9636.5498046875,414300,NIFTY,2017-05-31
9616.099609375,9634.650390625,9589.900390625,9603.5498046875,176100,NIFTY,2017-06-01
9653.5,9673.5,9637.4501953125,9657.150390625,162200,NIFTY,2017-06-02
9675.099609375,9687.2001953125,9640.7001953125,9656.2998046875,127700,NIFTY,2017-06-05
9637.150390625,9709.2998046875,9630.2001953125,9704.25,145900,NIFTY,2017-06-06
9663.900390625,9678.5498046875,9630.5498046875,9663.9501953125,160700,NIFTY,2017-06-07
9647.25,9688.7001953125,9641.5,9682.400390625,155400,NIFTY,2017-06-08
9668.25,9676.25,9608.150390625,9638.5498046875,159000,NIFTY,2017-06-09
9616.400390625,9647.0498046875,9598.5,9646.7001953125,141400,NIFTY,2017-06-12
9606.900390625,9654.150390625,9595.400390625,9615.5498046875,129700,NIFTY,2017-06-13
9618.150390625,9627.400390625,9580.4501953125,9621.5498046875,181800,NIFTY,2017-06-14
9578.0498046875,9621.400390625,9560.7998046875,9617.900390625,171100,NIFTY,2017-06-15
9588.0498046875,9615.849609375,9565.5,9595.4501953125,213200,NIFTY,2017-06-16
9657.5498046875,9673.2998046875,9614.900390625,9626.400390625,141700,NIFTY,2017-06-19
9653.5,9676.5,9643.75,9670.5,159500,NIFTY,2017-06-20
9633.599609375,9650.4501953125,9608.599609375,9648.099609375,144000,NIFTY,2017-06-21
9630.0,9698.849609375,9617.75,9642.650390625,198800,NIFTY,2017-06-22
9574.9501953125,9647.650390625,9565.2998046875,9643.25,175200,NIFTY,2017-06-23
9511.400390625,9615.400390625,9473.4501953125,9594.0498046875,203300,NIFTY,2017-06-27
9491.25,9522.5,9474.349609375,9520.2001953125,172400,NIFTY,2017-06-28
9504.099609375,9575.7998046875,9493.7998046875,9522.9501953125,259300,NIFTY,2017-06-29
9520.900390625,9535.7998046875,9448.75,9478.5,179600,NIFTY,2017-06-30
9615.0,9624.0,9543.5498046875,9587.9501953125,183000,NIFTY,2017-07-03
9613.2998046875,9650.650390625,9595.5,9645.900390625,144800,NIFTY,2017-07-04
9637.599609375,9643.650390625,9607.349609375,9619.75,130800,NIFTY,2017-07-05
9674.5498046875,9700.7001953125,9639.9501953125,9653.599609375,147400,NIFTY,2017-07-06
9665.7998046875,9684.25,9642.650390625,9670.349609375,141800,NIFTY,2017-07-07
9771.0498046875,9782.150390625,9646.4501953125,9719.2998046875,37500,NIFTY,2017-07-10
9786.0498046875,9830.0498046875,9778.849609375,9797.4501953125,179700,NIFTY,2017-07-11
9816.099609375,9824.9501953125,9787.7001953125,9807.2998046875,145500,NIFTY,2017-07-12
9891.7001953125,9897.25,9853.4501953125,9855.7998046875,181300,NIFTY,2017-07-13
9886.349609375,9913.2998046875,9845.4501953125,9913.2998046875,159600,NIFTY,2017-07-14
9915.9501953125,9928.2001953125,9894.7001953125,9908.150390625,163500,NIFTY,2017-07-17
9827.150390625,9885.349609375,9792.0498046875,9832.7001953125,293900,NIFTY,2017-07-18
9899.599609375,9905.0498046875,9851.650390625,9855.9501953125,200200,NIFTY,2017-07-19
9873.2998046875,9922.5498046875,9863.4501953125,9920.2001953125,161100,NIFTY,2017-07-20
9915.25,9924.7001953125,9838.0,9899.599609375,187500,NIFTY,2017-07-21
9966.400390625,9982.0498046875,9919.599609375,9936.7998046875,174500,NIFTY,2017-07-24
9964.5498046875,10011.2998046875,9949.099609375,10010.5498046875,185500,NIFTY,2017-07-25
10020.650390625,10025.9501953125,9965.9501953125,9983.650390625,197600,NIFTY,2017-07-26
10020.5498046875,10114.849609375,10005.5,10063.25,287900,NIFTY,2017-07-27
10014.5,10026.0498046875,9944.5,9996.5498046875,191600,NIFTY,2017-07-28
10077.099609375,10085.900390625,10016.9501953125,10034.7001953125,237700,NIFTY,2017-07-31
10114.650390625,10128.599609375,10065.75,10101.0498046875,184300,NIFTY,2017-08-01
10081.5,10137.849609375,10054.2001953125,10136.2998046875,161500,NIFTY,2017-08-02
10013.650390625,10081.150390625,9998.25,10081.150390625,192700,NIFTY,2017-08-03
10066.400390625,10075.25,9988.349609375,10008.599609375,178600,NIFTY,2017-08-04
10057.400390625,10088.099609375,10046.349609375,10074.7998046875,137400,NIFTY,2017-08-07
9978.5498046875,10083.7998046875,9947.0,10068.349609375,203300,NIFTY,2017-08-08
9908.0498046875,9969.7998046875,9893.0498046875,9961.150390625,169200,NIFTY,2017-08-09
9820.25,9892.650390625,9776.2001953125,9872.849609375,235500,NIFTY,2017-08-10
9710.7998046875,9771.650390625,9685.5498046875,9712.150390625,285900,NIFTY,2017-08-11
9794.150390625,9818.2998046875,9752.099609375,9755.75,195600,NIFTY,2017-08-14
9897.2998046875,9903.9501953125,9773.849609375,9825.849609375,219500,NIFTY,2017-08-16
9904.150390625,9947.7998046875,9883.75,9945.5498046875,197600,NIFTY,2017-08-17
9837.400390625,9865.9501953125,9783.650390625,9865.9501953125,246300,NIFTY,2017-08-18
9754.349609375,9884.349609375,9740.099609375,9864.25,205300,NIFTY,2017-08-21
9765.5498046875,9828.4501953125,9752.599609375,9815.75,183600,NIFTY,2017-08-22
9852.5,9857.900390625,9786.75,9803.0498046875,168600,NIFTY,2017-08-23
9857.0498046875,9881.5,9848.849609375,9881.2001953125,184700,NIFTY,2017-08-24
9912.7998046875,9925.75,9882.0,9907.150390625,159600,NIFTY,2017-08-28
9796.0498046875,9887.349609375,9783.75,9886.400390625,173300,NIFTY,2017-08-29
9884.400390625,9909.4501953125,9850.7998046875,9859.5,157800,NIFTY,2017-08-30
9917.900390625,9925.099609375,9856.9501953125,9905.7001953125,327700,NIFTY,2017-08-31
9974.400390625,9983.4501953125,9909.849609375,9937.650390625,157800,NIFTY,2017-09-01
9912.849609375,9988.400390625,9861.0,9984.150390625,148800,NIFTY,2017-09-04
9952.2001953125,9963.099609375,9901.0498046875,9933.25,139200,NIFTY,2017-09-05
9916.2001953125,9931.5498046875,9882.5498046875,9899.25,149200,NIFTY,2017-09-06
9929.900390625,9964.849609375,9917.2001953125,9945.849609375,188800,NIFTY,2017-09-07
9934.7998046875,9963.599609375,9913.2998046875,9958.650390625,163600,NIFTY,2017-09-08
10006.0498046875,10028.650390625,9968.7998046875,9971.75,173000,NIFTY,2017-09-11
10093.0498046875,10097.5498046875,10028.0498046875,10056.849609375,182600,NIFTY,2017-09-12
10079.2998046875,10131.9501953125,10063.150390625,10099.25,215000,NIFTY,2017-09-13
10086.599609375,10126.5,10070.349609375,10107.400390625,225600,NIFTY,2017-09-14
10085.400390625,10115.150390625,10043.650390625,10062.349609375,266600,NIFTY,2017-09-15
10153.099609375,10171.7001953125,10131.2998046875,10133.099609375,156100,NIFTY,2017-09-18
10147.5498046875,10178.9501953125,10129.9501953125,10175.599609375,187500,NIFTY,2017-09-19
10141.150390625,10171.0498046875,10134.2001953125,10160.9501953125,199400,NIFTY,2017-09-20
10121.900390625,10158.900390625,10058.599609375,10139.599609375,191800,NIFTY,2017-09-21
9964.400390625,10095.0498046875,9952.7998046875,10094.349609375,226600,NIFTY,2017-09-22
9872.599609375,9960.5,9816.0498046875,9960.099609375,221400,NIFTY,2017-09-25
9871.5,9891.349609375,9813.0,9875.25,190900,NIFTY,2017-09-26
9735.75,9921.0498046875,9714.400390625,9920.599609375,200100,NIFTY,2017-09-27
9768.9501953125,9789.2001953125,9687.5498046875,9736.400390625,385000,NIFTY,2017-09-28
9788.599609375,9854.0,9775.349609375,9814.2998046875,196300,NIFTY,2017-09-29
9859.5,9895.400390625,9831.0498046875,9893.2998046875,162800,NIFTY,2017-10-03
9914.900390625,9938.2998046875,9850.650390625,9884.349609375,156200,NIFTY,2017-10-04
9888.7001953125,9945.9501953125,9881.849609375,9927.0,147800,NIFTY,2017-10-05
9979.7001953125,9989.349609375,9906.599609375,9908.150390625,195800,NIFTY,2017-10-06
9988.75,10015.75,9959.4501953125,9988.2001953125,143900,NIFTY,2017-10-09
10016.9501953125,10034.0,10002.2998046875,10013.7001953125,148600,NIFTY,2017-10-10
9984.7998046875,10067.25,9955.7998046875,10042.599609375,189700,NIFTY,2017-10-11
10096.400390625,10104.4501953125,9977.099609375,10011.2001953125,200900,NIFTY,2017-10-12
10167.4501953125,10191.900390625,10120.099609375,10123.7001953125,230100,NIFTY,2017-10-13
10230.849609375,10242.9501953125,10175.099609375,10207.400390625,203000,NIFTY,2017-10-16
10234.4501953125,10251.849609375,10212.599609375,10227.650390625,195700,NIFTY,2017-10-17
10210.849609375,10236.4501953125,10175.75,10209.400390625,254200,NIFTY,2017-10-18
10146.5498046875,10211.9501953125,10123.349609375,10210.349609375,30200,NIFTY,2017-10-19
10184.849609375,10224.150390625,10124.5,10176.650390625,218100,NIFTY,2017-10-23
10207.7001953125,10237.75,10182.400390625,10218.5498046875,217200,NIFTY,2017-10-24
10295.349609375,10340.5498046875,10240.900390625,10321.150390625,594200,NIFTY,2017-10-25
10343.7998046875,10355.650390625,10271.849609375,10291.7998046875,429700,NIFTY,2017-10-26
10323.0498046875,10366.150390625,10311.2998046875,10362.2998046875,312700,NIFTY,2017-10-27
10363.650390625,10384.5,10344.2998046875,10353.849609375,236900,NIFTY,2017-10-30
10335.2998046875,10367.7001953125,10323.9501953125,10364.900390625,232600,NIFTY,2017-10-31
10440.5,10451.650390625,10383.0498046875,10390.349609375,260300,NIFTY,2017-11-01
10423.7998046875,10453.0,10412.5498046875,10440.5,201500,NIFTY,2017-11-02
10452.5,10461.7001953125,10403.599609375,10461.5498046875,199900,NIFTY,2017-11-03
10451.7998046875,10490.4501953125,10413.75,10431.75,193600,NIFTY,2017-11-06
10350.150390625,10485.75,10340.7998046875,10477.150390625,286900,NIFTY,2017-11-07
10303.150390625,10384.25,10285.5,10361.9501953125,274500,NIFTY,2017-11-08
10308.9501953125,10368.4501953125,10266.9501953125,10358.650390625,240200,NIFTY,2017-11-09
10321.75,10344.9501953125,10254.099609375,10304.349609375,279400,NIFTY,2017-11-10
10224.9501953125,10334.150390625,10216.25,10322.0,210300,NIFTY,2017-11-13
10186.599609375,10248.0,10175.5498046875,10223.400390625,305000,NIFTY,2017-11-14
10118.0498046875,10175.4501953125,10094.0,10171.9501953125,207400,NIFTY,2017-11-15
10214.75,10232.25,10139.2001953125,10152.900390625,182600,NIFTY,2017-11-16
10283.599609375,10343.599609375,10268.0498046875,10324.5498046875,203300,NIFTY,2017-11-17
10298.75,10309.849609375,10261.5,10287.2001953125,147200,NIFTY,2017-11-20
10326.900390625,10358.7001953125,10315.0498046875,10329.25,186100,NIFTY,2017-11-21
10342.2998046875,10368.7001953125,10309.5498046875,10350.7998046875,157600,NIFTY,2017-11-22
10348.75,10374.2998046875,10307.2998046875,10358.4501953125,153000,NIFTY,2017-11-23
10389.7001953125,10404.5,10362.25,10366.7998046875,129200,NIFTY,2017-11-24
10399.5498046875,10407.150390625,10340.2001953125,10361.0498046875,141900,NIFTY,2017-11-27
10370.25,10409.5498046875,10355.2001953125,10387.900390625,196000,NIFTY,2017-11-28
10361.2998046875,10392.9501953125,10345.900390625,10376.650390625,152500,NIFTY,2017-11-29
10226.5498046875,10332.7001953125,10211.25,10332.7001953125,342500,NIFTY,2017-11-30
10121.7998046875,10272.7001953125,10108.5498046875,10263.7001953125,143400,NIFTY,2017-12-01
10127.75,10179.2001953125,10095.7001953125,10175.0498046875,148600,NIFTY,2017-12-04
10118.25,10147.9501953125,10069.099609375,10118.25,155500,NIFTY,2017-12-05
10044.099609375,10104.2001953125,10033.349609375,10088.7998046875,166100,NIFTY,2017-12-06
10166.7001953125,10182.650390625,10061.900390625,10063.4501953125,166200,NIFTY,2017-12-07
10265.650390625,10270.849609375,10195.25,10198.4501953125,200000,NIFTY,2017-12-08
10322.25,10329.2001953125,10282.0498046875,10310.5,147400,NIFTY,2017-12-11
10240.150390625,10326.099609375,10230.2001953125,10324.900390625,175100,NIFTY,2017-12-12
10192.9501953125,10296.5498046875,10169.849609375,10236.599609375,181600,NIFTY,2017-12-13
10252.099609375,10276.099609375,10141.5498046875,10229.2998046875,154300,NIFTY,2017-12-14
10333.25,10373.099609375,10319.650390625,10345.650390625,255100,NIFTY,2017-12-15
10388.75,10443.5498046875,10074.7998046875,10263.099609375,230400,NIFTY,2017-12-18
10463.2001953125,10472.2001953125,10406.0,10414.7998046875,169100,NIFTY,2017-12-19
10444.2001953125,10494.4501953125,10437.150390625,10494.400390625,175200,NIFTY,2017-12-20
10440.2998046875,10473.9501953125,10426.900390625,10473.9501953125,151900,NIFTY,2017-12-21
10493.0,10501.099609375,10448.25,10457.2998046875,138800,NIFTY,2017-12-22
10531.5,10545.4501953125,10477.9501953125,10512.2998046875,155600,NIFTY,2017-12-26
10490.75,10552.400390625,10469.25,10531.0498046875,165200,NIFTY,2017-12-27
10477.900390625,10534.5498046875,10460.4501953125,10498.2001953125,272900,NIFTY,2017-12-28
10530.7001953125,10538.7001953125,10488.650390625,10492.349609375,152000,NIFTY,2017-12-29
10442.2001953125,10495.2001953125,10404.650390625,10477.5498046875,153400,NIFTY,2018-01-02
10443.2001953125,10503.599609375,10429.5498046875,10482.650390625,167300,NIFTY,2018-01-03
10504.7998046875,10513.0,10441.4501953125,10469.400390625,174900,NIFTY,2018-01-04
10558.849609375,10566.099609375,10520.099609375,10534.25,180900,NIFTY,2018-01-05
10623.599609375,10631.2001953125,10588.5498046875,10591.7001953125,169000,NIFTY,2018-01-08
10637.0,10659.150390625,10603.599609375,10645.099609375,205000,NIFTY,2018-01-09
10632.2001953125,10655.5,10592.7001953125,10652.0498046875,176400,NIFTY,2018-01-10
10651.2001953125,10664.599609375,10612.349609375,10637.0498046875,153800,NIFTY,2018-01-11
10681.25,10690.400390625,10597.099609375,10682.5498046875,175200,NIFTY,2018-01-12
10741.5498046875,10782.650390625,10713.7998046875,10718.5,175900,NIFTY,2018-01-15
10700.4501953125,10762.349609375,10687.849609375,10761.5,211000,NIFTY,2018-01-16
10788.5498046875,10803.0,10666.75,10702.4501953125,252700,NIFTY,2018-01-17
10817.0,10887.5,10782.400390625,10873.400390625,312000,NIFTY,2018-01-18
10894.7001953125,10906.849609375,10793.900390625,10829.2001953125,207600,NIFTY,2018-01-19
10966.2001953125,10975.099609375,10881.400390625,10883.2001953125,231600,NIFTY,2018-01-22
11083.7001953125,11092.900390625,10994.5498046875,10997.400390625,284600,NIFTY,2018-01-23
11086.0,11110.099609375,11046.150390625,11069.349609375,283400,NIFTY,2018-01-24
11069.650390625,11095.599609375,11009.2001953125,11095.599609375,330300,NIFTY,2018-01-25
11130.400390625,11171.5498046875,11075.9501953125,11079.349609375,241700,NIFTY,2018-01-29
11049.650390625,11121.099609375,11033.900390625,11120.849609375,228000,NIFTY,2018-01-30
11027.7001953125,11058.5,10979.2998046875,11018.7998046875,245900,NIFTY,2018-01-31
11016.900390625,11117.349609375,10878.7998046875,11044.5498046875,306200,NIFTY,2018-02-01
10760.599609375,10954.9501953125,10736.099609375,10938.2001953125,282700,NIFTY,2018-02-02
10666.5498046875,10702.75,10586.7998046875,10604.2998046875,240100,NIFTY,2018-02-05
10498.25,10594.150390625,10276.2998046875,10295.150390625,266500,NIFTY,2018-02-06
10476.7001953125,10614.0,10446.400390625,10607.2001953125,250400,NIFTY,2018-02-07
10576.849609375,10637.7998046875,10479.5498046875,10518.5,232200,NIFTY,2018-02-08
10454.9501953125,10480.2001953125,10398.2001953125,10416.5,191600,NIFTY,2018-02-09
10539.75,10555.5,10485.400390625,10518.2001953125,217400,NIFTY,2018-02-12
10500.900390625,10590.5498046875,10456.650390625,10585.75,229200,NIFTY,2018-02-14
10545.5,10618.099609375,10511.0498046875,10537.900390625,210600,NIFTY,2018-02-15
10452.2998046875,10612.900390625,10434.0498046875,10596.2001953125,184300,NIFTY,2018-02-16
10378.400390625,10489.349609375,10302.75,10488.900390625,187300,NIFTY,2018-02-19
10360.400390625,10429.349609375,10347.650390625,10391.0,187700,NIFTY,2018-02-20
10397.4501953125,10426.099609375,10349.599609375,10426.0,234100,NIFTY,2018-02-21
10382.7001953125,10397.5498046875,10340.650390625,10354.349609375,313600,NIFTY,2018-02-22
10491.0498046875,10499.099609375,10396.650390625,10408.099609375,210600,NIFTY,2018-02-23
10582.599609375,10592.9501953125,10520.2001953125,10526.5498046875,171900,NIFTY,2018-02-26
10554.2998046875,10631.650390625,10537.25,10615.2001953125,187500,NIFTY,2018-02-27
10492.849609375,10535.5,10461.5498046875,10488.9501953125,286000,NIFTY,2018-02-28
10458.349609375,10525.5,10447.150390625,10479.9501953125,176000,NIFTY,2018-03-01
10358.849609375,10428.7001953125,10323.900390625,10428.2998046875,194000,NIFTY,2018-03-05
10249.25,10441.349609375,10215.900390625,10420.5,222900,NIFTY,2018-03-06
10154.2001953125,10243.349609375,10141.5498046875,10232.9501953125,249500,NIFTY,2018-03-07
10242.650390625,10270.349609375,10146.400390625,10216.25,226400,NIFTY,2018-03-08
10226.849609375,10296.7001953125,10211.900390625,10271.2998046875,186500,NIFTY,2018-03-09
10421.400390625,10433.650390625,10295.4501953125,10301.599609375,216400,NIFTY,2018-03-12
10426.849609375,10478.599609375,10377.849609375,10389.5,266700,NIFTY,2018-03-13
10410.900390625,10420.349609375,10336.2998046875,10393.0498046875,181400,NIFTY,2018-03-14
10360.150390625,10420.0,10346.2001953125,10405.4501953125,173900,NIFTY,2018-03-15
10195.150390625,10346.2998046875,10180.25,10345.150390625,328500,NIFTY,2018-03-16
10094.25,10224.5498046875,10075.2998046875,10215.349609375,210200,NIFTY,2018-03-19
10124.349609375,10155.650390625,10049.099609375,10051.5498046875,203000,NIFTY,2018-03-20
10155.25,10227.2998046875,10132.9501953125,10181.9501953125,204800,NIFTY,2018-03-21
10114.75,10207.849609375,10105.400390625,10167.5,230500,NIFTY,2018-03-22
9998.0498046875,10027.7001953125,9951.900390625,9968.7998046875,285700,NIFTY,2018-03-23
10130.650390625,10143.5,9958.5498046875,9989.150390625,262600,NIFTY,2018-03-26
10184.150390625,10207.900390625,10139.650390625,10188.0,225700,NIFTY,2018-03-27
10113.7001953125,10158.349609375,10096.900390625,10143.599609375,344400,NIFTY,2018-03-28
10211.7998046875,10220.099609375,10127.75,10151.650390625,225400,NIFTY,2018-04-02
10245.0,10255.349609375,10171.0498046875,10186.849609375,205300,NIFTY,2018-04-03
10128.400390625,10279.849609375,10111.2998046875,10274.599609375,231100,NIFTY,2018-04-04
10325.150390625,10331.7998046875,10227.4501953125,10228.4501953125,236800,NIFTY,2018-04-05
10331.599609375,10350.4501953125,10290.849609375,10322.75,200200,NIFTY,2018-04-06
10379.349609375,10397.7001953125,10328.5,10333.7001953125,221600,NIFTY,2018-04-09
10402.25,10424.849609375,10381.5,10412.900390625,251700,NIFTY,2018-04-10
10417.150390625,10428.150390625,10355.599609375,10428.150390625,250400,NIFTY,2018-04-11
10458.650390625,10469.900390625,10395.25,10410.650390625,238600,NIFTY,2018-04-12
10480.599609375,10519.900390625,10451.4501953125,10495.2998046875,213100,NIFTY,2018-04-13
10528.349609375,10540.150390625,10396.349609375,10398.2998046875,195000,NIFTY,2018-04-16
10548.7001953125,10560.4501953125,10495.650390625,10557.2998046875,206100,NIFTY,2018-04-17
10526.2001953125,10594.2001953125,10509.7001953125,10578.900390625,205400,NIFTY,2018-04-18
10565.2998046875,10572.2001953125,10546.2001953125,10563.650390625,262600,NIFTY,2018-04-19
10564.0498046875,10582.349609375,10527.4501953125,10560.349609375,244600,NIFTY,2018-04-20
10584.7001953125,10638.349609375,10514.9501953125,10592.7998046875,194200,NIFTY,2018-04-23
10614.349609375,10636.7998046875,10569.0,10578.099609375,219200,NIFTY,2018-04-24
10570.5498046875,10612.599609375,10536.4501953125,10612.400390625,189200,NIFTY,2018-04-25
10617.7998046875,10628.400390625,10559.650390625,10586.5,335100,NIFTY,2018-04-26
10692.2998046875,10719.7998046875,10647.5498046875,10651.650390625,0,NIFTY,2018-04-27
10739.349609375,10759.0,10704.599609375,10705.75,173800,NIFTY,2018-04-30
10718.0498046875,10784.650390625,10689.7998046875,10783.849609375,229700,NIFTY,2018-05-02
10679.650390625,10720.599609375,10647.4501953125,10720.150390625,185200,NIFTY,2018-05-03
10618.25,10700.4501953125,10601.599609375,10700.4501953125,186500,NIFTY,2018-05-04
10715.5,10725.650390625,10635.650390625,10653.150390625,168400,NIFTY,2018-05-07
10717.7998046875,10758.5498046875,10689.400390625,10757.900390625,269800,NIFTY,2018-05-08
10741.7001953125,10766.25,10689.849609375,10693.349609375,215400,NIFTY,2018-05-09
10716.5498046875,10785.5498046875,10705.0,10779.650390625,192100,NIFTY,2018-05-10
10806.5,10812.0498046875,10724.4501953125,10741.9501953125,203100,NIFTY,2018-05-11
10806.599609375,10834.849609375,10774.75,10815.150390625,171400,NIFTY,2018-05-14
10801.849609375,10929.2001953125,10781.400390625,10812.599609375,254300,NIFTY,2018-05-15
10741.099609375,10790.4501953125,10699.7001953125,10751.9501953125,231100,NIFTY,2018-05-16
10682.7001953125,10777.25,10664.5,10775.599609375,214100,NIFTY,2018-05-17
10596.400390625,10674.9501953125,10589.099609375,10671.849609375,223000,NIFTY,2018-05-18
10516.7001953125,10621.7001953125,10505.7998046875,10616.7001953125,0,NIFTY,2018-05-21
10536.7001953125,10558.599609375,10490.5498046875,10518.4501953125,241700,NIFTY,2018-05-22
10430.349609375,10533.5498046875,10417.7998046875,10521.099609375,290900,NIFTY,2018-05-23
10513.849609375,10535.150390625,10419.7998046875,10464.849609375,297600,NIFTY,2018-05-24
10605.150390625,10628.0498046875,10524.0,10533.0498046875,260800,NIFTY,2018-05-25
10688.650390625,10709.7998046875,10640.5498046875,10648.349609375,232600,NIFTY,2018-05-28
10633.2998046875,10717.25,10616.099609375,10689.400390625,225800,NIFTY,2018-05-29
10614.349609375,10648.7001953125,10558.4501953125,10579.0,238700,NIFTY,2018-05-30
10736.150390625,10763.7998046875,10620.400390625,10670.099609375,610300,NIFTY,2018-05-31
10696.2001953125,10764.75,10681.5,10738.4501953125,220600,NIFTY,2018-06-01
10628.5,10770.2998046875,10618.349609375,10765.9501953125,203800,NIFTY,2018-06-04
10593.150390625,10633.150390625,10550.900390625,10630.7001953125,167700,NIFTY,2018-06-05
10684.650390625,10698.349609375,10587.5,10603.4501953125,189900,NIFTY,2018-06-06
10768.349609375,10818.0,10722.599609375,10722.599609375,220900,NIFTY,2018-06-07
10767.650390625,10779.4501953125,10709.0498046875,10736.400390625,209400,NIFTY,2018-06-08
10786.9501953125,10850.5498046875,10777.0498046875,10781.849609375,211400,NIFTY,2018-06-11
10842.849609375,10856.5498046875,10789.400390625,10816.150390625,198300,NIFTY,2018-06-12
10856.7001953125,10893.25,10842.650390625,10887.5,213400,NIFTY,2018-06-13
10808.0498046875,10833.7001953125,10773.5498046875,10832.900390625,184300,NIFTY,2018-06-14
10817.7001953125,10834.0,10755.400390625,10808.650390625,305400,NIFTY,2018-06-15
10799.849609375,10830.2001953125,10787.349609375,10830.2001953125,196600,NIFTY,2018-06-18
10710.4501953125,10789.4501953125,10701.2001953125,10789.4501953125,224500,NIFTY,2018-06-19
10772.0498046875,10781.7998046875,10724.0498046875,10734.650390625,193500,NIFTY,2018-06-20
10741.099609375,10809.599609375,10725.900390625,10808.4501953125,223600,NIFTY,2018-06-21
10821.849609375,10837.0,10710.4501953125,10742.7001953125,229800,NIFTY,2018-06-22
10762.4501953125,10831.0498046875,10753.0498046875,10822.900390625,229600,NIFTY,2018-06-25
10769.150390625,10805.25,10732.5498046875,10742.7001953125,220000,NIFTY,2018-06-26
10671.400390625,10785.5,10652.400390625,10785.5,246000,NIFTY,2018-06-27
10589.099609375,10674.2001953125,10557.7001953125,10660.7998046875,352300,NIFTY,2018-06-28
10714.2998046875,10723.0498046875,10612.349609375,10612.849609375,242800,NIFTY,2018-06-29
10657.2998046875,10736.150390625,10604.650390625,10732.349609375,295400,NIFTY,2018-07-02
10699.900390625,10713.2998046875,10630.25,10668.599609375,202100,NIFTY,2018-07-03
10769.900390625,10777.150390625,10677.75,10715.0,173900,NIFTY,2018-07-04
10749.75,10786.0498046875,10726.25,10786.0498046875,220500,NIFTY,2018-07-05
10772.650390625,10816.349609375,10735.0498046875,10744.150390625,0,NIFTY,2018-07-06
10852.900390625,10860.349609375,10807.150390625,10838.2998046875,183600,NIFTY,2018-07-09
10947.25,10956.900390625,10876.650390625,10902.75,197000,NIFTY,2018-07-10
10948.2998046875,10976.650390625,10923.0,10956.400390625,222300,NIFTY,2018-07-11
11023.2001953125,11078.2998046875,10999.650390625,11006.9501953125,248300,NIFTY,2018-07-12
11018.900390625,11071.349609375,10999.75,11056.900390625,0,NIFTY,2018-07-13
10936.849609375,11019.5,10926.25,11018.9501953125,210500,NIFTY,2018-07-16
11008.0498046875,11018.5,10925.599609375,10939.650390625,210600,NIFTY,2018-07-17
10980.4501953125,11076.2001953125,10956.2998046875,11060.2001953125,225500,NIFTY,2018-07-18
10957.099609375,11006.5,10935.4501953125,10999.5,215400,NIFTY,2018-07-19
11010.2001953125,11030.25,10946.2001953125,10963.5,187300,NIFTY,2018-07-20
11084.75,11093.400390625,11010.9501953125,11019.849609375,229100,NIFTY,2018-07-23
11134.2998046875,11143.400390625,11092.5,11109.0,205800,NIFTY,2018-07-24
11132.0,11157.150390625,11113.25,11148.400390625,205900,NIFTY,2018-07-25
11167.2998046875,11185.849609375,11125.7001953125,11132.9501953125,365400,NIFTY,2018-07-26
11278.349609375,11283.400390625,11210.25,11232.75,314600,NIFTY,2018-07-27
11319.5498046875,11328.099609375,11261.4501953125,11296.650390625,278800,NIFTY,2018-07-30
11356.5,11366.0,11267.75,11311.0498046875,256500,NIFTY,2018-07-31
11346.2001953125,11390.5498046875,11313.5498046875,11359.7998046875,269700,NIFTY,2018-08-01
11244.7001953125,11328.900390625,11234.9501953125,11328.900390625,210000,NIFTY,2018-08-02
11360.7998046875,11368.0,11294.5498046875,11297.7998046875,218300,NIFTY,2018-08-03
11387.099609375,11427.650390625,11370.599609375,11401.5,203700,NIFTY,2018-08-06
11389.4501953125,11428.9501953125,11359.7001953125,11423.150390625,226400,NIFTY,2018-08-07
11450.0,11459.9501953125,11379.2998046875,11412.5,210500,NIFTY,2018-08-08
11470.7001953125,11495.2001953125,11454.099609375,11493.25,302200,NIFTY,2018-08-09
11429.5,11478.75,11419.650390625,11474.9501953125,0,NIFTY,2018-08-10
11355.75,11406.2998046875,11340.2998046875,11369.599609375,246900,NIFTY,2018-08-13
11435.099609375,11452.4501953125,11370.7998046875,11381.7001953125,232600,NIFTY,2018-08-14
11385.0498046875,11449.849609375,11366.25,11397.150390625,290600,NIFTY,2018-08-16
11470.75,11486.4501953125,11431.7998046875,11437.150390625,234700,NIFTY,2018-08-17
11551.75,11565.2998046875,11499.650390625,11502.099609375,232600,NIFTY,2018-08-20
11570.900390625,11581.75,11539.599609375,11576.2001953125,224200,NIFTY,2018-08-21
11582.75,11620.7001953125,11546.7001953125,11620.7001953125,248500,NIFTY,2018-08-23
11557.099609375,11604.599609375,11532.0,11566.599609375,218800,NIFTY,2018-08-24
11691.9501953125,11700.9501953125,11595.599609375,11605.849609375,199500,NIFTY,2018-08-27
11738.5,11760.2001953125,11710.5,11731.9501953125,241900,NIFTY,2018-08-28
11691.900390625,11753.2001953125,11678.849609375,11744.9501953125,251600,NIFTY,2018-08-29
11676.7998046875,11698.7998046875,11639.7001953125,11694.75,313800,NIFTY,2018-08-30
11680.5,11727.650390625,11640.099609375,11675.849609375,346500,NIFTY,2018-08-31
11582.349609375,11751.7998046875,11567.400390625,11751.7998046875,234400,NIFTY,2018-09-03
11520.2998046875,11602.5498046875,11496.849609375,11598.75,254800,NIFTY,2018-09-04
11476.9501953125,11542.650390625,11393.849609375,11514.849609375,246100,NIFTY,2018-09-05
11536.900390625,11562.25,11436.0498046875,11514.150390625,247900,NIFTY,2018-09-06
11589.099609375,11603.0,11484.400390625,11558.25,295900,NIFTY,2018-09-07
11438.099609375,11573.0,11427.2998046875,11570.25,286700,NIFTY,2018-09-10
11287.5,11479.400390625,11274.0,11476.849609375,0,NIFTY,2018-09-11
11369.900390625,11380.75,11250.2001953125,11340.099609375,268200,NIFTY,2018-09-12
11515.2001953125,11523.25,11430.5498046875,11443.5,276600,NIFTY,2018-09-14
11377.75,11464.9501953125,11366.900390625,11464.9501953125,201400,NIFTY,2018-09-17
11278.900390625,11411.4501953125,11268.9501953125,11381.5498046875,240900,NIFTY,2018-09-18
11234.349609375,11332.0498046875,11210.900390625,11326.650390625,250600,NIFTY,2018-09-19
11143.099609375,11346.7998046875,10866.4501953125,11271.2998046875,719000,NIFTY,2018-09-21
10967.400390625,11170.150390625,10943.599609375,11164.400390625,0,NIFTY,2018-09-24
11067.4501953125,11080.599609375,10882.849609375,10969.9501953125,405000,NIFTY,2018-09-25
11053.7998046875,11145.5498046875,10993.0498046875,11145.5498046875,340500,NIFTY,2018-09-26
10977.5498046875,11089.4501953125,10953.349609375,11079.7998046875,405700,NIFTY,2018-09-27
10930.4501953125,11034.099609375,10850.2998046875,11008.099609375,478100,NIFTY,2018-09-28
11008.2998046875,11035.650390625,10821.5498046875,10930.900390625,387000,NIFTY,2018-10-01
10858.25,10989.0498046875,10843.75,10982.7001953125,386800,NIFTY,2018-10-03
10599.25,10754.7001953125,10547.25,10754.7001953125,425100,NIFTY,2018-10-04
10316.4501953125,10540.650390625,10261.900390625,10514.099609375,606400,NIFTY,2018-10-05
10348.0498046875,10398.349609375,10198.400390625,10310.150390625,456200,NIFTY,2018-10-08
10301.0498046875,10397.599609375,10279.349609375,10390.2998046875,430500,NIFTY,2018-10-09
10460.099609375,10482.349609375,10318.25,10331.849609375,0,NIFTY,2018-10-10
10234.650390625,10335.9501953125,10138.599609375,10169.7998046875,483500,NIFTY,2018-10-11
10472.5,10492.4501953125,10322.150390625,10331.5498046875,343500,NIFTY,2018-10-12
10512.5,10526.2998046875,10410.150390625,10524.2001953125,259500,NIFTY,2018-10-15
10584.75,10604.900390625,10525.2998046875,10550.150390625,265200,NIFTY,2018-10-16
10453.0498046875,10710.150390625,10436.4501953125,10688.7001953125,284800,NIFTY,2018-10-17
10303.5498046875,10380.099609375,10249.599609375,10339.7001953125,357500,NIFTY,2018-10-19
10245.25,10408.5498046875,10224.0,10405.849609375,297300,NIFTY,2018-10-22
10146.7998046875,10222.099609375,10102.349609375,10152.599609375,302600,NIFTY,2018-10-23
10224.75,10290.650390625,10126.7001953125,10278.150390625,351400,NIFTY,2018-10-24
10124.900390625,10166.599609375,10079.2998046875,10135.0498046875,0,NIFTY,2018-10-25
10030.0,10128.849609375,10004.5498046875,10122.349609375,364300,NIFTY,2018-10-26
10250.849609375,10275.2998046875,10020.349609375,10078.099609375,364400,NIFTY,2018-10-29
10198.400390625,10285.099609375,10175.349609375,10239.400390625,289800,NIFTY,2018-10-30
10386.599609375,10396.0,10105.099609375,10209.5498046875,375000,NIFTY,2018-10-31
10380.4501953125,10441.900390625,10341.900390625,10441.7001953125,348500,NIFTY,2018-11-01
10553.0,10606.9501953125,10457.7001953125,10462.2998046875,421200,NIFTY,2018-11-02
10524.0,10558.7998046875,10477.0,10558.75,301900,NIFTY,2018-11-05
10530.0,10600.25,10491.4501953125,10552.0,0,NIFTY,2018-11-06
10598.400390625,10616.4501953125,10582.2998046875,10614.4501953125,31200,NIFTY,2018-11-07
10585.2001953125,10619.5498046875,10544.849609375,10614.7001953125,296600,NIFTY,2018-11-09
10482.2001953125,10645.5,10464.0498046875,10607.7998046875,259700,NIFTY,2018-11-12
10582.5,10596.25,10440.5498046875,10451.900390625,254600,NIFTY,2018-11-13
10576.2998046875,10651.599609375,10532.7001953125,10634.900390625,384500,NIFTY,2018-11-14
10616.7001953125,10646.5,10557.5,10580.599609375,0,NIFTY,2018-11-15
10682.2001953125,10695.150390625,10631.150390625,10644.0,342800,NIFTY,2018-11-16
10763.400390625,10774.7001953125,10688.7998046875,10731.25,272100,NIFTY,2018-11-19
10656.2001953125,10740.849609375,10640.849609375,10740.099609375,295200,NIFTY,2018-11-20
10600.0498046875,10671.2998046875,10562.349609375,10670.9501953125,300900,NIFTY,2018-11-21
10526.75,10646.25,10512.0,10612.650390625,239500,NIFTY,2018-11-22
10628.599609375,10637.7998046875,10489.75,10568.2998046875,0,NIFTY,2018-11-26
10685.599609375,10695.150390625,10596.349609375,10621.4501953125,0,NIFTY,2018-11-27
10728.849609375,10757.7998046875,10699.849609375,10708.75,424500,NIFTY,2018-11-28
10858.7001953125,10883.0498046875,10782.349609375,10808.7001953125,691300,NIFTY,2018-11-29
10876.75,10922.4501953125,10835.099609375,10892.099609375,453900,NIFTY,2018-11-30
10883.75,10941.2001953125,10845.349609375,10930.7001953125,409700,NIFTY,2018-12-03
10869.5,10890.9501953125,10833.349609375,10877.099609375,322100,NIFTY,2018-12-04
10782.900390625,10821.0498046875,10747.9501953125,10820.4501953125,312300,NIFTY,2018-12-05
10601.150390625,10722.650390625,10588.25,10718.150390625,318500,NIFTY,2018-12-06
10693.7001953125,10704.5498046875,10599.349609375,10644.7998046875,325800,NIFTY,2018-12-07
10488.4501953125,10558.849609375,10474.9501953125,10508.7001953125,381300,NIFTY,2018-12-10
10549.150390625,10567.150390625,10333.849609375,10350.0498046875,425500,NIFTY,2018-12-11
10737.599609375,10752.2001953125,10560.7998046875,10591.0,360500,NIFTY,2018-12-12
10791.5498046875,10838.599609375,10749.5,10810.75,376200,NIFTY,2018-12-13
10805.4501953125,10815.75,10752.099609375,10784.5,340100,NIFTY,2018-12-14
10888.349609375,10900.349609375,10844.849609375,10853.2001953125,296900,NIFTY,2018-12-17
10908.7001953125,10915.400390625,10819.099609375,10850.900390625,286100,NIFTY,2018-12-18
10967.2998046875,10985.150390625,10928.0,10930.5498046875,312100,NIFTY,2018-12-19
10951.7001953125,10962.5498046875,10880.0498046875,10885.2001953125,318900,NIFTY,2018-12-20
10754.0,10963.650390625,10738.650390625,10944.25,377500,NIFTY,2018-12-21
10663.5,10782.2998046875,10649.25,10780.900390625,223400,NIFTY,2018-12-24
10729.849609375,10747.5,10534.5498046875,10635.4501953125,263700,NIFTY,2018-12-26
10779.7998046875,10834.2001953125,10764.4501953125,10817.900390625,456100,NIFTY,2018-12-27
10859.900390625,10893.599609375,10817.150390625,10820.9501953125,245500,NIFTY,2018-12-28
10862.5498046875,10923.5498046875,10853.2001953125,10913.2001953125,180900,NIFTY,2018-12-31
10792.5,10895.349609375,10735.0498046875,10868.849609375,309700,NIFTY,2019-01-02
10672.25,10814.0498046875,10661.25,10796.7998046875,286200,NIFTY,2019-01-03
10727.349609375,10741.0498046875,10628.650390625,10699.7001953125,296600,NIFTY,2019-01-04
10771.7998046875,10835.9501953125,10750.150390625,10804.849609375,269400,NIFTY,2019-01-07
10802.150390625,10818.4501953125,10733.25,10786.25,277700,NIFTY,2019-01-08
10855.150390625,10870.400390625,10749.400390625,10862.400390625,333000,NIFTY,2019-01-09
10821.599609375,10859.349609375,10801.7998046875,10859.349609375,254400,NIFTY,2019-01-10
10794.9501953125,10850.150390625,10739.400390625,10834.75,260800,NIFTY,2019-01-11
10737.599609375,10808.0,10692.349609375,10807.0,298800,NIFTY,2019-01-14
10886.7998046875,10896.9501953125,10777.5498046875,10777.5498046875,310700,NIFTY,2019-01-15
10890.2998046875,10928.150390625,10876.900390625,10899.650390625,276500,NIFTY,2019-01-16
10905.2001953125,10930.650390625,10844.650390625,10920.849609375,271700,NIFTY,2019-01-17
10906.9501953125,10928.2001953125,10852.2001953125,10914.849609375,323800,NIFTY,2019-01-18
10961.849609375,10987.4501953125,10885.75,10919.349609375,288800,NIFTY,2019-01-21
10922.75,10949.7998046875,10864.150390625,10949.7998046875,300800,NIFTY,2019-01-22
10831.5,10944.7998046875,10811.9501953125,10931.0498046875,298900,NIFTY,2019-01-23
10849.7998046875,10866.599609375,10798.650390625,10844.0498046875,361100,NIFTY,2019-01-24
10780.5498046875,10931.7001953125,10756.4501953125,10859.75,463400,NIFTY,2019-01-25
10661.5498046875,10804.4501953125,10630.9501953125,10792.4501953125,419700,NIFTY,2019-01-28
10652.2001953125,10690.349609375,10583.650390625,10653.7001953125,356900,NIFTY,2019-01-29
10651.7998046875,10710.2001953125,10612.849609375,10702.25,410100,NIFTY,2019-01-30
10830.9501953125,10838.0498046875,10678.5498046875,10690.5498046875,604800,NIFTY,2019-01-31
10893.650390625,10983.4501953125,10813.4501953125,10851.349609375,482300,NIFTY,2019-02-01
10912.25,10927.900390625,10814.150390625,10876.75,318300,NIFTY,2019-02-04
10934.349609375,10956.7001953125,10886.7001953125,10908.650390625,268100,NIFTY,2019-02-05
11062.4501953125,11072.599609375,10962.7001953125,10965.099609375,298500,NIFTY,2019-02-06
11069.400390625,11118.099609375,11043.599609375,11070.4501953125,263500,NIFTY,2019-02-07
10943.599609375,11041.2001953125,10925.4501953125,11023.5,352800,NIFTY,2019-02-08
10888.7998046875,10930.900390625,10857.099609375,10930.900390625,286000,NIFTY,2019-02-11
10831.400390625,10910.900390625,10823.7998046875,10879.7001953125,292300,NIFTY,2019-02-12
10746.0498046875,10792.7001953125,10718.75,10786.099609375,627000,NIFTY,2019-02-14
10724.400390625,10785.75,10620.400390625,10780.25,521900,NIFTY,2019-02-15
10640.9501953125,10759.900390625,10628.400390625,10738.650390625,345400,NIFTY,2019-02-18
10604.349609375,10722.849609375,10585.650390625,10636.7001953125,291500,NIFTY,2019-02-19
10735.4501953125,10752.7001953125,10646.400390625,10655.4501953125,289200,NIFTY,2019-02-20
10789.849609375,10808.849609375,10721.5,10744.099609375,279600,NIFTY,2019-02-21
10791.650390625,10801.5498046875,10758.400390625,10782.7001953125,396800,NIFTY,2019-02-22
10880.099609375,10887.099609375,10788.0498046875,10813.25,385900,NIFTY,2019-02-25
10835.2998046875,10888.75,10729.2998046875,10775.2998046875,415000,NIFTY,2019-02-26
10806.650390625,10939.7001953125,10751.2001953125,10881.2001953125,381100,NIFTY,2019-02-27
10792.5,10865.7001953125,10784.849609375,10865.7001953125,644200,NIFTY,2019-02-28
10863.5,10877.900390625,10823.099609375,10842.650390625,308500,NIFTY,2019-03-01
10987.4501953125,10994.900390625,10817.0,10864.849609375,373200,NIFTY,2019-03-05
11053.0,11062.2998046875,10998.849609375,11024.849609375,372600,NIFTY,2019-03-06
11058.2001953125,11089.0498046875,11027.099609375,11077.9501953125,321200,NIFTY,2019-03-07
11035.400390625,11049.0,11008.9501953125,11038.849609375,326600,NIFTY,2019-03-08
11168.0498046875,11180.900390625,11059.849609375,11068.75,352200,NIFTY,2019-03-11
11301.2001953125,11320.400390625,11227.0,11231.349609375,391300,NIFTY,2019-03-12
11341.7001953125,11352.2998046875,11276.599609375,11326.2001953125,383000,NIFTY,2019-03-13
11343.25,11383.4501953125,11313.75,11382.5,294500,NIFTY,2019-03-14
11426.849609375,11487.0,11370.7998046875,11376.849609375,463700,NIFTY,2019-03-15
11462.2001953125,11530.150390625,11412.5,11473.849609375,320300,NIFTY,2019-03-18
11532.400390625,11543.849609375,11451.25,11500.2998046875,326100,NIFTY,2019-03-19
11521.0498046875,11556.099609375,11503.099609375,11553.349609375,366300,NIFTY,2019-03-20
11456.900390625,11572.7998046875,11434.5498046875,11549.2001953125,386200,NIFTY,2019-03-22
11354.25,11395.650390625,11311.599609375,11395.650390625,294500,NIFTY,2019-03-25
11483.25,11496.75,11352.4501953125,11375.2001953125,282600,NIFTY,2019-03-26
11445.0498046875,11546.2001953125,11413.0,11531.4501953125,350400,NIFTY,2019-03-27
11570.0,11588.5,11452.4501953125,11463.650390625,527700,NIFTY,2019-03-28
11669.150390625,11738.099609375,11644.75,11665.2001953125,379600,NIFTY,2019-04-01
11713.2001953125,11729.349609375,11655.849609375,11711.5498046875,386100,NIFTY,2019-04-02
11643.9501953125,11761.0,11629.150390625,11735.2998046875,365800,NIFTY,2019-04-03
11598.0,11662.5498046875,11559.2001953125,11660.2001953125,349000,NIFTY,2019-04-04
11665.9501953125,11689.650390625,11609.5,11638.400390625,266700,NIFTY,2019-04-05
11604.5,11710.2998046875,11549.099609375,11704.349609375,260900,NIFTY,2019-04-08
11671.9501953125,11683.900390625,11569.7001953125,11612.0498046875,300500,NIFTY,2019-04-09
11584.2998046875,11680.0498046875,11571.75,11646.849609375,359900,NIFTY,2019-04-10
11596.7001953125,11606.7001953125,11550.5498046875,11592.5498046875,279800,NIFTY,2019-04-11
11643.4501953125,11657.349609375,11578.7998046875,11612.849609375,246000,NIFTY,2019-04-12
11690.349609375,11704.599609375,11648.25,11667.0,290000,NIFTY,2019-04-15
11787.150390625,11810.9501953125,11731.5498046875,11736.2001953125,354300,NIFTY,2019-04-16
11752.7998046875,11856.150390625,11738.5,11856.150390625,339700,NIFTY,2019-04-18
11594.4501953125,11727.0498046875,11583.9501953125,11727.0498046875,260400,NIFTY,2019-04-22
11575.9501953125,11645.9501953125,11564.7998046875,11612.9501953125,272500,NIFTY,2019-04-23
11726.150390625,11740.849609375,11578.849609375,11601.5,335200,NIFTY,2019-04-24
11641.7998046875,11796.75,11624.2998046875,11735.7001953125,604400,NIFTY,2019-04-25
11754.650390625,11762.900390625,11661.75,11683.75,333500,NIFTY,2019-04-26
11748.150390625,11756.25,11655.900390625,11748.75,532600,NIFTY,2019-04-30
11724.75,11789.2998046875,11699.5498046875,11725.5498046875,380300,NIFTY,2019-05-02
11712.25,11770.900390625,11699.349609375,11722.599609375,305500,NIFTY,2019-05-03
11598.25,11632.5498046875,11571.349609375,11605.7998046875,299000,NIFTY,2019-05-06
11497.900390625,11657.0498046875,11484.4501953125,11651.5,337500,NIFTY,2019-05-07
11359.4501953125,11479.099609375,11346.9501953125,11478.7001953125,372800,NIFTY,2019-05-08
11301.7998046875,11357.599609375,11255.0498046875,11322.400390625,373000,NIFTY,2019-05-09
11278.900390625,11345.7998046875,11251.0498046875,11314.150390625,387300,NIFTY,2019-05-10
11148.2001953125,11300.2001953125,11125.599609375,11258.7001953125,357600,NIFTY,2019-05-13
11222.0498046875,11294.75,11108.2998046875,11151.650390625,398100,NIFTY,2019-05-14
11157.0,11286.7998046875,11136.9501953125,11271.7001953125,414200,NIFTY,2019-05-15
11257.099609375,11281.5498046875,11143.349609375,11180.349609375,350700,NIFTY,2019-05-16
11407.150390625,11426.150390625,11259.849609375,11261.900390625,412100,NIFTY,2019-05-17
11828.25,11845.2001953125,11591.7001953125,11651.900390625,452100,NIFTY,2019-05-20
11709.099609375,11883.5498046875,11682.7998046875,11863.650390625,381000,NIFTY,2019-05-21
11737.900390625,11784.7998046875,11682.400390625,11727.9501953125,355900,NIFTY,2019-05-22
11657.0498046875,12041.150390625,11614.5,11901.2998046875,569000,NIFTY,2019-05-23
11844.099609375,11859.0,11658.099609375,11748.0,374600,NIFTY,2019-05-24
11924.75,11957.150390625,11812.400390625,11855.5,348400,NIFTY,2019-05-27
11928.75,11958.5498046875,11864.900390625,11958.349609375,598300,NIFTY,2019-05-28
11861.099609375,11931.900390625,11836.7998046875,11905.7998046875,318100,NIFTY,2019-05-29
11945.900390625,11968.5498046875,11859.400390625,11865.2998046875,421200,NIFTY,2019-05-30
11922.7998046875,12039.25,11829.4501953125,11999.7998046875,438900,NIFTY,2019-05-31
12088.5498046875,12103.0498046875,11920.099609375,11953.75,315300,NIFTY,2019-06-03
12021.650390625,12095.2001953125,12005.849609375,12052.650390625,289200,NIFTY,2019-06-04
11843.75,12039.7998046875,11830.25,12039.7998046875,415200,NIFTY,2019-06-06
11870.650390625,11897.5,11769.5,11865.2001953125,302500,NIFTY,2019-06-07
11922.7001953125,11975.0498046875,11871.75,11934.900390625,303300,NIFTY,2019-06-10
11965.599609375,12000.349609375,11904.349609375,11959.849609375,332200,NIFTY,2019-06-11
11906.2001953125,11962.4501953125,11866.349609375,11962.4501953125,283700,NIFTY,2019-06-12
11914.0498046875,11931.349609375,11817.0498046875,11873.900390625,447900,NIFTY,2019-06-13
11823.2998046875,11911.849609375,11797.7001953125,11910.099609375,390300,NIFTY,2019-06-14
11672.150390625,11844.0498046875,11657.75,11844.0,295500,NIFTY,2019-06-17
11691.5,11727.2001953125,11641.150390625,11677.0498046875,365500,NIFTY,2019-06-18
11691.4501953125,11802.5,11625.099609375,11744.4501953125,446900,NIFTY,2019-06-19
11831.75,11843.5,11635.0498046875,11653.650390625,442000,NIFTY,2019-06-20
11724.099609375,11827.9501953125,11705.099609375,11827.599609375,468400,NIFTY,2019-06-21
11699.650390625,11754.0,11670.2001953125,11725.7998046875,277600,NIFTY,2019-06-24
11796.4501953125,11814.400390625,11651.0,11681.0,300500,NIFTY,2019-06-25
11847.5498046875,11871.849609375,11757.5498046875,11768.150390625,327900,NIFTY,2019-06-26
11841.5498046875,11911.150390625,11821.0498046875,11860.849609375,480200,NIFTY,2019-06-27
11788.849609375,11871.7001953125,11775.5,11861.150390625,303900,NIFTY,2019-06-28
11865.599609375,11884.650390625,11830.7998046875,11839.900390625,278400,NIFTY,2019-07-01
11910.2998046875,11917.4501953125,11814.7001953125,11890.2998046875,363200,NIFTY,2019-07-02
11916.75,11945.2001953125,11887.0498046875,11932.150390625,340500,NIFTY,2019-07-03
11946.75,11969.25,11923.650390625,11928.7998046875,333600,NIFTY,2019-07-04
11811.150390625,11981.75,11797.900390625,11964.75,530700,NIFTY,2019-07-05
11558.599609375,11771.900390625,11523.2998046875,11770.400390625,464000,NIFTY,2019-07-08
11555.900390625,11582.5498046875,11461.0,11531.599609375,442500,NIFTY,2019-07-09
11498.900390625,11593.7001953125,11475.650390625,11536.150390625,337600,NIFTY,2019-07-10
11582.900390625,11599.0,11519.5,11561.4501953125,317300,NIFTY,2019-07-11
11552.5,11639.5498046875,11538.599609375,11601.150390625,359400,NIFTY,2019-07-12
11588.349609375,11618.400390625,11532.2998046875,11614.75,368800,NIFTY,2019-07-15
11662.599609375,11670.0498046875,11573.9501953125,11596.650390625,480200,NIFTY,2019-07-16
11687.5,11706.650390625,11651.150390625,11670.75,464800,NIFTY,2019-07-17
11596.900390625,11677.150390625,11582.400390625,11675.599609375,498300,NIFTY,2019-07-18
11419.25,11640.349609375,11399.2998046875,11627.9501953125,446000,NIFTY,2019-07-19
11346.2001953125,11398.150390625,11301.25,11392.849609375,516000,NIFTY,2019-07-22
11331.0498046875,11398.150390625,11302.7998046875,11372.25,458900,NIFTY,2019-07-23
11271.2998046875,11359.75,11229.7998046875,11322.4501953125,413200,NIFTY,2019-07-24
11252.150390625,11361.400390625,11239.349609375,11290.400390625,553700,NIFTY,2019-07-25
11284.2998046875,11307.599609375,11210.0498046875,11247.4501953125,522700,NIFTY,2019-07-26
11189.2001953125,11310.9501953125,11152.400390625,11307.5,482900,NIFTY,2019-07-29
11085.400390625,11267.4501953125,11072.650390625,11213.7001953125,479100,NIFTY,2019-07-30
11118.0,11145.2998046875,10999.400390625,11034.0498046875,536700,NIFTY,2019-07-31
10980.0,11076.75,10881.0,11060.2001953125,499900,NIFTY,2019-08-01
10997.349609375,11080.150390625,10848.9501953125,10930.2998046875,547400,NIFTY,2019-08-02
10862.599609375,10895.7998046875,10782.599609375,10895.7998046875,506600,NIFTY,2019-08-05
10948.25,11018.5498046875,10813.7998046875,10815.400390625,517900,NIFTY,2019-08-06
10855.5,10975.650390625,10835.900390625,10958.099609375,548500,NIFTY,2019-08-07
11032.4501953125,11058.0498046875,10842.9501953125,10899.2001953125,482500,NIFTY,2019-08-08
11109.650390625,11181.4501953125,11062.7998046875,11087.900390625,538100,NIFTY,2019-08-09
10925.849609375,11145.900390625,10901.599609375,11139.400390625,624600,NIFTY,2019-08-13
11029.400390625,11078.150390625,10935.599609375,11003.25,511500,NIFTY,2019-08-14
11047.7998046875,11068.650390625,10924.2998046875,11043.650390625,470900,NIFTY,2019-08-16
11053.900390625,11146.900390625,11037.849609375,11094.7998046875,369500,NIFTY,2019-08-19
11017.0,11076.2998046875,10985.2998046875,11063.900390625,444700,NIFTY,2019-08-20
10918.7001953125,11034.2001953125,10906.650390625,11018.150390625,557900,NIFTY,2019-08-21
10741.349609375,10908.25,10718.2998046875,10905.2998046875,668200,NIFTY,2019-08-22
10829.349609375,10862.5498046875,10637.150390625,10699.599609375,667100,NIFTY,2019-08-23
11057.849609375,11070.2998046875,10756.5498046875,11000.2998046875,684100,NIFTY,2019-08-26
11105.349609375,11141.75,11049.5,11106.5498046875,685600,NIFTY,2019-08-27
11046.099609375,11129.650390625,10987.650390625,11101.2998046875,550000,NIFTY,2019-08-28
10948.2998046875,11021.099609375,10922.400390625,10996.0498046875,649900,NIFTY,2019-08-29
11023.25,11042.599609375,10874.7998046875,10987.7998046875,628200,NIFTY,2019-08-30
10797.900390625,10967.5,10772.7001953125,10960.9501953125,483000,NIFTY,2019-09-03
10844.650390625,10858.75,10746.349609375,10790.400390625,508800,NIFTY,2019-09-04
10847.900390625,10920.099609375,10816.0,10860.9501953125,595700,NIFTY,2019-09-05
10946.2001953125,10957.0498046875,10867.4501953125,10883.7998046875,497200,NIFTY,2019-09-06
11003.0498046875,11028.849609375,10889.7998046875,10936.7001953125,412500,NIFTY,2019-09-09
11035.7001953125,11054.7998046875,11011.650390625,11028.5,687100,NIFTY,2019-09-11
10982.7998046875,11081.75,10964.9501953125,11058.2998046875,551400,NIFTY,2019-09-12
11075.900390625,11084.4501953125,10945.75,10986.7998046875,624300,NIFTY,2019-09-13
11003.5,11052.7001953125,10968.2001953125,10994.849609375,434500,NIFTY,2019-09-16
10817.599609375,11000.099609375,10796.5,11000.099609375,482000,NIFTY,2019-09-17
10840.650390625,10885.150390625,10804.849609375,10872.7998046875,519200,NIFTY,2019-09-18
10704.7998046875,10845.2001953125,10670.25,10845.2001953125,642600,NIFTY,2019-09-19
11274.2001953125,11381.900390625,10691.0,10746.7998046875,1356800,NIFTY,2019-09-20
11600.2001953125,11694.849609375,11471.349609375,11542.7001953125,882800,NIFTY,2019-09-23
11588.2001953125,11655.0498046875,11539.2001953125,11590.7001953125,651700,NIFTY,2019-09-24
11440.2001953125,11564.9501953125,11416.099609375,11564.849609375,629100,NIFTY,2019-09-25
11571.2001953125,11610.849609375,11466.349609375,11469.849609375,844500,NIFTY,2019-09-26
11512.400390625,11593.599609375,11499.75,11556.349609375,650000,NIFTY,2019-09-27
11474.4501953125,11508.25,11390.7998046875,11491.150390625,756800,NIFTY,2019-09-30
11359.900390625,11554.2001953125,11247.900390625,11515.400390625,1305400,NIFTY,2019-10-01
11314.0,11370.400390625,11257.349609375,11322.25,1017500,NIFTY,2019-10-03
11174.75,11400.2998046875,11158.349609375,11388.4501953125,928500,NIFTY,2019-10-04
11126.400390625,11233.849609375,11112.650390625,11196.2001953125,733200,NIFTY,2019-10-07
11313.2998046875,11321.599609375,11090.150390625,11152.9501953125,741100,NIFTY,2019-10-09
11234.5498046875,11293.349609375,11208.5498046875,11280.5,562000,NIFTY,2019-10-10
11305.0498046875,11362.900390625,11189.400390625,11257.7001953125,737800,NIFTY,2019-10-11
11341.150390625,11420.4501953125,11290.0498046875,11335.900390625,587600,NIFTY,2019-10-14
11428.2998046875,11462.349609375,11342.099609375,11360.849609375,527400,NIFTY,2019-10-15
11464.0,11481.0498046875,11411.099609375,11464.9501953125,533500,NIFTY,2019-10-16
11586.349609375,11599.099609375,11439.650390625,11466.2998046875,797600,NIFTY,2019-10-17
11661.849609375,11684.7001953125,11553.150390625,11580.2998046875,853400,NIFTY,2019-10-18
11588.349609375,11714.349609375,11573.650390625,11657.150390625,867600,NIFTY,2019-10-22
11604.099609375,11651.599609375,11554.400390625,11596.2001953125,664200,NIFTY,2019-10-23
11582.599609375,11679.599609375,11534.650390625,11661.650390625,700500,NIFTY,2019-10-24
11583.900390625,11646.900390625,11490.75,11646.150390625,812000,NIFTY,2019-10-25
11786.849609375,11809.400390625,11627.349609375,11643.9501953125,951700,NIFTY,2019-10-29
11844.099609375,11883.9501953125,11784.4501953125,11883.900390625,725200,NIFTY,2019-10-30
11877.4501953125,11945.0,11855.099609375,11890.4501953125,1414800,NIFTY,2019-10-31
11890.599609375,11918.2998046875,11843.349609375,11886.599609375,855300,NIFTY,2019-11-01
11941.2998046875,11989.150390625,11905.349609375,11928.900390625,823100,NIFTY,2019-11-04
11917.2001953125,11978.9501953125,11861.900390625,11974.599609375,632000,NIFTY,2019-11-05
11966.0498046875,12002.900390625,11850.25,11911.5,603400,NIFTY,2019-11-06
12012.0498046875,12021.400390625,11946.849609375,12021.099609375,563000,NIFTY,2019-11-07
11908.150390625,12034.150390625,11888.75,11987.150390625,789300,NIFTY,2019-11-08
11913.4501953125,11932.650390625,11853.9501953125,11879.2001953125,549000,NIFTY,2019-11-11
11840.4501953125,11946.7998046875,11823.2001953125,11908.2998046875,659000,NIFTY,2019-11-13
11872.099609375,11895.650390625,11802.650390625,11858.75,559500,NIFTY,2019-11-14
11895.4501953125,11973.650390625,11879.25,11904.2001953125,580200,NIFTY,2019-11-15
11884.5,11946.2001953125,11867.599609375,11915.150390625,514400,NIFTY,2019-11-18
11940.099609375,11958.849609375,11881.75,11919.4501953125,613900,NIFTY,2019-11-19
11999.099609375,12038.599609375,11966.0498046875,12004.75,646700,NIFTY,2019-11-20
11968.400390625,12028.2001953125,11956.900390625,12025.650390625,557700,NIFTY,2019-11-21
11914.400390625,11968.099609375,11883.5,11967.2998046875,486800,NIFTY,2019-11-22
12073.75,12084.5,11919.75,11922.4501953125,534300,NIFTY,2019-11-25
12037.7001953125,12132.4501953125,12006.349609375,12110.2001953125,1201300,NIFTY,2019-11-26
12100.7001953125,12114.900390625,12055.150390625,12068.5,584200,NIFTY,2019-11-27
12151.150390625,12158.7998046875,12099.9501953125,12132.099609375,620500,NIFTY,2019-11-28
12056.0498046875,12147.400390625,12017.400390625,12146.2001953125,804400,NIFTY,2019-11-29
12048.2001953125,12137.150390625,12023.7001953125,12137.0498046875,720900,NIFTY,2019-12-02
11994.2001953125,12068.599609375,11956.400390625,12067.650390625,605800,NIFTY,2019-12-03
12043.2001953125,12054.7001953125,11935.2998046875,11969.9501953125,747200,NIFTY,2019-12-04
12018.400390625,12081.2001953125,11998.75,12071.25,562200,NIFTY,2019-12-05
11921.5,12057.0498046875,11888.849609375,12047.349609375,609200,NIFTY,2019-12-06
11937.5,11981.9501953125,11888.0498046875,11939.099609375,599100,NIFTY,2019-12-09
11856.7998046875,11953.2001953125,11844.7001953125,11950.5,650200,NIFTY,2019-12-10
11910.150390625,11923.2001953125,11832.2998046875,11867.349609375,997700,NIFTY,2019-12-11
11971.7998046875,12005.5,11934.0,11944.2998046875,752600,NIFTY,2019-12-12
12086.7001953125,12098.849609375,12023.599609375,12026.400390625,597700,NIFTY,2019-12-13
12053.9501953125,12134.650390625,12046.2998046875,12131.349609375,437700,NIFTY,2019-12-16
12165.0,12182.75,12070.349609375,12082.4501953125,499600,NIFTY,2019-12-17
12221.650390625,12237.7001953125,12163.4501953125,12197.0,518900,NIFTY,2019-12-18
12259.7001953125,12268.349609375,12191.150390625,12223.400390625,623100,NIFTY,2019-12-19
12271.7998046875,12293.900390625,12252.75,12266.4501953125,810700,NIFTY,2019-12-20
12262.75,12287.150390625,12213.25,12235.4501953125,604800,NIFTY,2019-12-23
12214.5498046875,12283.7001953125,12202.099609375,12269.25,470300,NIFTY,2019-12-24
12126.5498046875,12221.5498046875,12118.849609375,12211.849609375,520300,NIFTY,2019-12-26
12245.7998046875,12258.4501953125,12157.900390625,12172.900390625,383800,NIFTY,2019-12-27
12255.849609375,12286.4501953125,12213.7998046875,12274.900390625,411100,NIFTY,2019-12-30
12168.4501953125,12247.099609375,12151.7998046875,12247.099609375,426900,NIFTY,2019-12-31
12182.5,12222.2001953125,12165.2998046875,12202.150390625,304100,NIFTY,2020-01-01
12282.2001953125,12289.900390625,12195.25,12198.5498046875,407700,NIFTY,2020-01-02
12226.650390625,12265.599609375,12191.349609375,12261.099609375,428800,NIFTY,2020-01-03
11993.0498046875,12179.099609375,11974.2001953125,12170.599609375,396500,NIFTY,2020-01-06
12052.9501953125,12152.150390625,12005.349609375,12079.099609375,447800,NIFTY,2020-01-07
12025.349609375,12044.9501953125,11929.599609375,11939.099609375,446000,NIFTY,2020-01-08
12215.900390625,12224.0498046875,12132.5498046875,12153.150390625,477500,NIFTY,2020-01-09
12256.7998046875,12311.2001953125,12213.2001953125,12271.0,660600,NIFTY,2020-01-10
12329.5498046875,12337.75,12285.7998046875,12296.7001953125,501000,NIFTY,2020-01-13
12362.2998046875,12374.25,12308.7001953125,12333.099609375,616300,NIFTY,2020-01-14
12343.2998046875,12355.150390625,12278.75,12349.400390625,684400,NIFTY,2020-01-15
12355.5,12389.0498046875,12315.7998046875,12347.099609375,395700,NIFTY,2020-01-16
12352.349609375,12385.4501953125,12321.400390625,12328.400390625,502100,NIFTY,2020-01-17
12224.5498046875,12430.5,12216.900390625,12430.5,491600,NIFTY,2020-01-20
12169.849609375,12230.0498046875,12162.2998046875,12195.2998046875,400,NIFTY,2020-01-21
12106.900390625,12225.0498046875,12087.900390625,12218.349609375,500,NIFTY,2020-01-22
12180.349609375,12189.0,12094.099609375,12123.75,867700,NIFTY,2020-01-23
12248.25,12272.150390625,12149.650390625,12174.5498046875,593200,NIFTY,2020-01-24
12119.0,12216.599609375,12107.0,12197.099609375,441200,NIFTY,2020-01-27
12055.7998046875,12163.5498046875,12024.5,12148.099609375,478500,NIFTY,2020-01-28
12129.5,12169.599609375,12103.7998046875,12114.900390625,514400,NIFTY,2020-01-29
12035.7998046875,12150.2998046875,12010.599609375,12147.75,538100,NIFTY,2020-01-30
11962.099609375,12103.5498046875,11945.849609375,12100.400390625,771300,NIFTY,2020-01-31
11707.900390625,11749.849609375,11614.5,11627.4501953125,669800,NIFTY,2020-02-03
11979.650390625,11986.150390625,11783.400390625,11786.25,560400,NIFTY,2020-02-04
12089.150390625,12098.150390625,11953.349609375,12005.849609375,758000,NIFTY,2020-02-05
12137.9501953125,12160.599609375,12084.650390625,12120.0,565100,NIFTY,2020-02-06
12098.349609375,12154.7001953125,12073.9501953125,12151.150390625,473500,NIFTY,2020-02-07
12031.5,12103.5498046875,11990.75,12102.349609375,524700,NIFTY,2020-02-10
12107.900390625,12172.2998046875,12099.0,12108.400390625,480000,NIFTY,2020-02-11
12201.2001953125,12231.75,12144.2998046875,12151.0,411700,NIFTY,2020-02-12
12174.650390625,12225.650390625,12139.7998046875,12219.5498046875,501200,NIFTY,2020-02-13
12113.4501953125,12246.7001953125,12091.2001953125,12190.150390625,622800,NIFTY,2020-02-14
12045.7998046875,12159.599609375,12037.0,12131.7998046875,0,NIFTY,2020-02-17
11992.5,12030.75,11908.0498046875,12028.25,676900,NIFTY,2020-02-18
12125.900390625,12134.7001953125,12042.099609375,12090.599609375,513600,NIFTY,2020-02-19
12080.849609375,12152.0,12071.4501953125,12119.0,502600,NIFTY,2020-02-20
11829.400390625,12012.5498046875,11813.400390625,12012.5498046875,490800,NIFTY,2020-02-24
11797.900390625,11883.0498046875,11779.900390625,11877.5,461000,NIFTY,2020-02-25
11678.5,11783.25,11639.599609375,11738.5498046875,567600,NIFTY,2020-02-26
11633.2998046875,11663.849609375,11536.7001953125,11661.25,608600,NIFTY,2020-02-27
11201.75,11384.7998046875,11175.0498046875,11382.0,809900,NIFTY,2020-02-28
11132.75,11433.0,11036.25,11387.349609375,680800,NIFTY,2020-03-02
11303.2998046875,11342.25,11152.5498046875,11217.5498046875,696500,NIFTY,2020-03-03
11251.0,11356.599609375,11082.150390625,11351.349609375,797700,NIFTY,2020-03-04
11269.0,11389.5,11244.599609375,11306.0498046875,1352500,NIFTY,2020-03-05
10989.4501953125,11035.099609375,10827.400390625,10942.650390625,1811000,NIFTY,2020-03-06
10451.4501953125,10751.5498046875,10294.4501953125,10742.0498046875,1565500,NIFTY,2020-03-09
10458.400390625,10545.099609375,10334.0,10334.2998046875,1218500,NIFTY,2020-03-11
9590.150390625,10040.75,9508.0,10039.9501953125,1343500,NIFTY,2020-03-12
9955.2001953125,10159.400390625,8555.150390625,9107.599609375,1388000,NIFTY,2020-03-13
9197.400390625,9602.2001953125,9165.099609375,9587.7998046875,897700,NIFTY,2020-03-16
8967.0498046875,9403.7998046875,8915.599609375,9285.400390625,935600,NIFTY,2020-03-17
8468.7998046875,9127.5498046875,8407.0498046875,9088.4501953125,1516600,NIFTY,2020-03-18
8263.4501953125,8575.4501953125,7832.5498046875,8063.2998046875,925700,NIFTY,2020-03-19
8745.4501953125,8883.0,8178.2001953125,8284.4501953125,1071500,NIFTY,2020-03-20
7610.25,8159.25,7583.60009765625,7945.7001953125,653500,NIFTY,2020-03-23
7801.0498046875,8036.9501953125,7511.10009765625,7848.2998046875,738400,NIFTY,2020-03-24
8317.849609375,8376.75,7714.75,7735.14990234375,736900,NIFTY,2020-03-25
8641.4501953125,8749.0498046875,8304.900390625,8451.0,865600,NIFTY,2020-03-26
8660.25,9038.900390625,8522.900390625,8949.099609375,801500,NIFTY,2020-03-27
8281.099609375,8576.0,8244.0,8385.9501953125,593300,NIFTY,2020-03-30
8597.75,8678.2998046875,8358.0,8529.349609375,712700,NIFTY,2020-03-31
8253.7998046875,8588.099609375,8198.349609375,8584.099609375,506300,NIFTY,2020-04-01
8083.7998046875,8356.5498046875,8055.7998046875,8356.5498046875,697000,NIFTY,2020-04-03
8792.2001953125,8819.400390625,8360.9501953125,8446.2998046875,814200,NIFTY,2020-04-07
8748.75,9131.7001953125,8653.900390625,8688.900390625,896500,NIFTY,2020-04-08
9111.900390625,9128.349609375,8904.5498046875,8973.0498046875,742100,NIFTY,2020-04-09
8993.849609375,9112.0498046875,8912.400390625,9103.9501953125,644000,NIFTY,2020-04-13
8925.2998046875,9261.2001953125,8874.099609375,9196.400390625,879100,NIFTY,2020-04-15
8992.7998046875,9053.75,8821.900390625,8851.25,719400,NIFTY,2020-04-16
9266.75,9324.0,9091.349609375,9323.4501953125,684200,NIFTY,2020-04-17
9261.849609375,9390.849609375,9230.7998046875,9390.2001953125,726400,NIFTY,2020-04-20
8981.4501953125,9044.400390625,8909.400390625,9016.9501953125,655100,NIFTY,2020-04-21
9187.2998046875,9209.75,8946.25,9026.75,734400,NIFTY,2020-04-22
9313.900390625,9343.599609375,9170.150390625,9232.349609375,666700,NIFTY,2020-04-23
9154.400390625,9296.900390625,9141.2998046875,9163.900390625,659400,NIFTY,2020-04-24
9282.2998046875,9377.099609375,9250.349609375,9259.7001953125,512800,NIFTY,2020-04-27
9380.900390625,9404.400390625,9260.0,9389.7998046875,614500,NIFTY,2020-04-28
9553.349609375,9599.849609375,9392.349609375,9408.599609375,653000,NIFTY,2020-04-29
9859.900390625,9889.0498046875,9731.5,9753.5,931200,NIFTY,2020-04-30
9293.5,9533.5,9266.9501953125,9533.5,687500,NIFTY,2020-05-04
9205.599609375,9450.900390625,9190.75,9429.400390625,725200,NIFTY,2020-05-05
9270.900390625,9346.900390625,9116.5,9226.7998046875,722200,NIFTY,2020-05-06
9199.0498046875,9277.849609375,9175.900390625,9234.0498046875,708700,NIFTY,2020-05-07
9251.5,9382.650390625,9238.2001953125,9376.9501953125,609100,NIFTY,2020-05-08
9239.2001953125,9439.900390625,9219.9501953125,9348.150390625,704600,NIFTY,2020-05-11
9196.5498046875,9240.849609375,9043.9501953125,9168.849609375,805500,NIFTY,2020-05-12
9383.5498046875,9584.5,9351.099609375,9584.2001953125,846400,NIFTY,2020-05-13
9142.75,9281.099609375,9119.75,9213.9501953125,602600,NIFTY,2020-05-14
9136.849609375,9182.400390625,9050.0,9182.400390625,575900,NIFTY,2020-05-15
8823.25,9158.2998046875,8806.75,9158.2998046875,773000,NIFTY,2020-05-18
8879.099609375,9030.349609375,8855.2998046875,8961.7001953125,762200,NIFTY,2020-05-19
9066.5498046875,9093.7998046875,8875.349609375,8889.150390625,622300,NIFTY,2020-05-20
9106.25,9178.5498046875,9056.099609375,9079.4501953125,631500,NIFTY,2020-05-21
9039.25,9149.599609375,8968.5498046875,9067.900390625,675800,NIFTY,2020-05-22
9029.0498046875,9161.650390625,8996.650390625,9099.75,655000,NIFTY,2020-05-26
9314.9501953125,9334.0,9004.25,9082.2001953125,763500,NIFTY,2020-05-27
9490.099609375,9511.25,9336.5,9364.9501953125,837900,NIFTY,2020-05-28
9580.2998046875,9598.849609375,9376.900390625,9422.2001953125,967000,NIFTY,2020-05-29
9826.150390625,9931.599609375,9706.9501953125,9726.849609375,794200,NIFTY,2020-06-01
9979.099609375,9995.599609375,9824.0498046875,9880.849609375,770200,NIFTY,2020-06-02
10061.5498046875,10176.2001953125,10035.5498046875,10108.2998046875,794700,NIFTY,2020-06-03
10029.099609375,10123.849609375,9944.25,10054.25,775100,NIFTY,2020-06-04
10142.150390625,10177.7998046875,10040.75,10093.7998046875,987100,NIFTY,2020-06-05
10167.4501953125,10328.5,10120.25,10326.75,936500,NIFTY,2020-06-08
10046.650390625,10291.150390625,10021.4501953125,10181.150390625,754200,NIFTY,2020-06-09
10116.150390625,10148.75,10036.849609375,10072.599609375,632400,NIFTY,2020-06-10
9902.0,10112.0498046875,9885.0498046875,10094.099609375,715500,NIFTY,2020-06-11
9972.900390625,9996.0498046875,9544.349609375,9544.9501953125,796300,NIFTY,2020-06-12
9813.7001953125,9943.349609375,9726.349609375,9919.349609375,716100,NIFTY,2020-06-15
9914.0,10046.150390625,9728.5,10014.7998046875,899900,NIFTY,2020-06-16
9881.150390625,10003.599609375,9833.7998046875,9876.7001953125,685400,NIFTY,2020-06-17
10091.650390625,10111.2001953125,9845.0498046875,9863.25,622900,NIFTY,2020-06-18
10244.400390625,10272.400390625,10072.650390625,10119.0,892100,NIFTY,2020-06-19
10311.2001953125,10393.650390625,10277.599609375,10318.75,685400,NIFTY,2020-06-22
10471.0,10484.7001953125,10301.75,10347.9501953125,669200,NIFTY,2020-06-23
10305.2998046875,10553.150390625,10281.9501953125,10529.25,854800,NIFTY,2020-06-24
10288.900390625,10361.7998046875,10194.5,10235.5498046875,994200,NIFTY,2020-06-25
10383.0,10409.849609375,10311.25,10378.900390625,671900,NIFTY,2020-06-26
10312.400390625,10337.9501953125,10223.599609375,10311.9501953125,574500,NIFTY,2020-06-29
10302.099609375,10401.0498046875,10267.349609375,10382.599609375,556200,NIFTY,2020-06-30
10430.0498046875,10447.0498046875,10299.599609375,10323.7998046875,573600,NIFTY,2020-07-01
10551.7001953125,10598.2001953125,10485.5498046875,10493.0498046875,597400,NIFTY,2020-07-02
10607.349609375,10631.2998046875,10562.650390625,10614.9501953125,525200,NIFTY,2020-07-03
10763.650390625,10811.400390625,10695.099609375,10723.849609375,571200,NIFTY,2020-07-06
10799.650390625,10813.7998046875,10689.7001953125,10802.849609375,636800,NIFTY,2020-07-07
10705.75,10847.849609375,10676.5498046875,10818.650390625,767900,NIFTY,2020-07-08
10813.4501953125,10836.849609375,10733.0,10755.5498046875,618700,NIFTY,2020-07-09
10768.0498046875,10819.400390625,10713.0,10764.099609375,590700,NIFTY,2020-07-10
10802.7001953125,10894.0498046875,10756.0498046875,10851.849609375,554100,NIFTY,2020-07-13
10607.349609375,10755.650390625,10562.900390625,10750.849609375,532400,NIFTY,2020-07-14
10618.2001953125,10827.4501953125,10577.75,10701.0,715900,NIFTY,2020-07-15
10739.9501953125,10755.2998046875,10595.2001953125,10706.2001953125,694400,NIFTY,2020-07-16
10901.7001953125,10933.4501953125,10749.650390625,10752.0,676900,NIFTY,2020-07-17
11022.2001953125,11037.900390625,10953.0,10999.4501953125,554300,NIFTY,2020-07-20
11162.25,11179.5498046875,11113.25,11126.099609375,772000,NIFTY,2020-07-21
11132.599609375,11238.099609375,11056.5498046875,11231.2001953125,765100,NIFTY,2020-07-22
11215.4501953125,11239.7998046875,11103.150390625,11135.0,621600,NIFTY,2020-07-23
11194.150390625,11225.400390625,11090.2998046875,11149.9501953125,678900,NIFTY,2020-07-24
11131.7998046875,11225.0,11087.849609375,11225.0,588100,NIFTY,2020-07-27
11300.5498046875,11317.75,11151.400390625,11154.099609375,683900,NIFTY,2020-07-28
11202.849609375,11341.400390625,11149.75,11276.900390625,600700,NIFTY,2020-07-29
11102.150390625,11299.9501953125,11084.9501953125,11254.2998046875,677800,NIFTY,2020-07-30
11073.4501953125,11150.400390625,11026.650390625,11139.5,642600,NIFTY,2020-07-31
10891.599609375,11058.0498046875,10882.25,11057.5498046875,680900,NIFTY,2020-08-03
11095.25,11112.25,10908.099609375,10946.650390625,625700,NIFTY,2020-08-04
11101.650390625,11225.650390625,11064.0498046875,11155.75,667600,NIFTY,2020-08-05
11200.150390625,11256.7998046875,11127.2998046875,11185.7001953125,600400,NIFTY,2020-08-06
11214.0498046875,11231.900390625,11142.0498046875,11186.650390625,452600,NIFTY,2020-08-07
11270.150390625,11337.2998046875,11238.0,11270.25,492000,NIFTY,2020-08-10
11322.5,11373.599609375,11299.150390625,11322.25,586100,NIFTY,2020-08-11
11308.400390625,11322.0,11242.650390625,11289.0,609900,NIFTY,2020-08-12
11300.4501953125,11359.2998046875,11269.9501953125,11334.849609375,562400,NIFTY,2020-08-13
11178.400390625,11366.25,11111.4501953125,11353.2998046875,645100,NIFTY,2020-08-14
11247.099609375,11267.099609375,11144.5,11248.900390625,634000,NIFTY,2020-08-17
11385.349609375,11401.7001953125,11253.150390625,11259.7998046875,579200,NIFTY,2020-08-18
11408.400390625,11460.349609375,11394.099609375,11452.150390625,626200,NIFTY,2020-08-19
11312.2001953125,11361.4501953125,11289.7998046875,11317.4501953125,791600,NIFTY,2020-08-20
11371.599609375,11418.5,11362.2001953125,11409.650390625,668700,NIFTY,2020-08-21
11466.4501953125,11497.25,11410.650390625,11412.0,532900,NIFTY,2020-08-24
11472.25,11525.900390625,11423.349609375,11513.099609375,638200,NIFTY,2020-08-25
11549.599609375,11561.75,11461.849609375,11512.849609375,743400,NIFTY,2020-08-26
11559.25,11617.349609375,11540.599609375,11609.2998046875,719800,NIFTY,2020-08-27
11647.599609375,11686.0498046875,11589.400390625,11602.9501953125,807000,NIFTY,2020-08-28
11387.5,11794.25,11325.849609375,11777.5498046875,1371800,NIFTY,2020-08-31
11470.25,11553.5498046875,11366.900390625,11464.2998046875,783800,NIFTY,2020-09-01
11535.0,11554.75,11430.400390625,11478.5498046875,593500,NIFTY,2020-09-02
11527.4501953125,11584.9501953125,11507.650390625,11566.2001953125,607100,NIFTY,2020-09-03
11333.849609375,11452.0498046875,11303.650390625,11354.400390625,681300,NIFTY,2020-09-04
11355.0498046875,11381.150390625,11251.7001953125,11359.599609375,560300,NIFTY,2020-09-07
11317.349609375,11437.25,11290.4501953125,11378.5498046875,572200,NIFTY,2020-09-08
11278.0,11298.150390625,11185.150390625,11218.599609375,728900,NIFTY,2020-09-09
11449.25,11464.0498046875,11327.400390625,11363.2998046875,679400,NIFTY,2020-09-10
11464.4501953125,11493.5,11419.900390625,11447.7998046875,554800,NIFTY,2020-09-11
11440.0498046875,11568.900390625,11383.5498046875,11540.150390625,642300,NIFTY,2020-09-14
11521.7998046875,11535.9501953125,11442.25,11487.2001953125,506700,NIFTY,2020-09-15
11604.5498046875,11618.099609375,11516.75,11538.4501953125,527800,NIFTY,2020-09-16
11516.099609375,11587.2001953125,11498.5,11539.400390625,0,NIFTY,2020-09-17
11504.9501953125,11584.099609375,11446.099609375,11584.099609375,764200,NIFTY,2020-09-18
11250.5498046875,11535.25,11218.5,11503.7998046875,602900,NIFTY,2020-09-21
11153.650390625,11302.2001953125,11084.650390625,11301.75,672200,NIFTY,2020-09-22
11131.849609375,11259.5498046875,11024.400390625,11258.75,714900,NIFTY,2020-09-23
10805.5498046875,11015.2998046875,10790.2001953125,11011.0,706100,NIFTY,2020-09-24
11050.25,11072.599609375,10854.849609375,10910.400390625,559600,NIFTY,2020-09-25
11227.5498046875,11239.349609375,11099.849609375,11140.849609375,472800,NIFTY,2020-09-28
11222.400390625,11305.400390625,11181.0,11288.599609375,498300,NIFTY,2020-09-29
11247.5498046875,11295.400390625,11184.5498046875,11244.4501953125,499300,NIFTY,2020-09-30
11416.9501953125,11428.599609375,11347.0498046875,11364.4501953125,447700,NIFTY,2020-10-01
11503.349609375,11578.0498046875,11452.2998046875,11487.7998046875,530600,NIFTY,2020-10-05
11662.400390625,11680.2998046875,11564.2998046875,11603.4501953125,561400,NIFTY,2020-10-06
11738.849609375,11763.0498046875,11629.349609375,11679.25,513400,NIFTY,2020-10-07
11834.599609375,11905.7001953125,11791.150390625,11835.400390625,608800,NIFTY,2020-10-08
11914.2001953125,11938.599609375,11805.2001953125,11852.0498046875,611100,NIFTY,2020-10-09
11930.9501953125,12022.0498046875,11867.2001953125,11973.5498046875,522600,NIFTY,2020-10-12
11934.5,11988.2001953125,11888.900390625,11934.650390625,458300,NIFTY,2020-10-13
11971.0498046875,11997.2001953125,11822.150390625,11917.400390625,569200,NIFTY,2020-10-14
11680.349609375,12025.4501953125,11661.2998046875,12023.4501953125,608900,NIFTY,2020-10-15
11762.4501953125,11789.75,11667.849609375,11727.400390625,555800,NIFTY,2020-10-16
11873.0498046875,11898.25,11820.400390625,11879.2001953125,541400,NIFTY,2020-10-19
11896.7998046875,11949.25,11837.25,11861.0,453600,NIFTY,2020-10-20
11937.650390625,12018.650390625,11775.75,11958.5498046875,623700,NIFTY,2020-10-21
11896.4501953125,11939.5498046875,11823.4501953125,11890.0,544900,NIFTY,2020-10-22
11930.349609375,11974.5498046875,11908.75,11957.900390625,502300,NIFTY,2020-10-23
11767.75,11942.849609375,11711.7001953125,11937.400390625,519800,NIFTY,2020-10-26
11889.400390625,11899.0498046875,11723.0,11807.099609375,616300,NIFTY,2020-10-27
11729.599609375,11929.400390625,11684.849609375,11922.599609375,704000,NIFTY,2020-10-28
11670.7998046875,11744.150390625,11606.4501953125,11633.2998046875,555000,NIFTY,2020-10-29
11642.400390625,11748.9501953125,11535.4501953125,11678.4501953125,553700,NIFTY,2020-10-30
11669.150390625,11725.650390625,11557.400390625,11697.349609375,568400,NIFTY,2020-11-02
11813.5,11836.2001953125,11723.2998046875,11734.4501953125,674300,NIFTY,2020-11-03
11908.5,11929.650390625,11756.400390625,11783.349609375,667300,NIFTY,2020-11-04
12120.2998046875,12131.099609375,12027.599609375,12062.400390625,632500,NIFTY,2020-11-05
12263.5498046875,12280.400390625,12131.849609375,12156.650390625,576800,NIFTY,2020-11-06
12461.0498046875,12474.0498046875,12367.349609375,12399.400390625,553400,NIFTY,2020-11-09
12631.099609375,12643.900390625,12475.25,12556.400390625,847500,NIFTY,2020-11-10
12749.150390625,12769.75,12571.099609375,12680.599609375,880500,NIFTY,2020-11-11
12690.7998046875,12741.150390625,12624.849609375,12702.150390625,622000,NIFTY,2020-11-12
12719.9501953125,12735.9501953125,12607.7001953125,12659.7001953125,513900,NIFTY,2020-11-13
12874.2001953125,12934.0498046875,12797.099609375,12932.5,707700,NIFTY,2020-11-17
12938.25,12948.849609375,12819.349609375,12860.099609375,731300,NIFTY,2020-11-18
12771.7001953125,12963.0,12745.75,12839.5,768800,NIFTY,2020-11-19
12859.0498046875,12892.4501953125,12730.25,12813.400390625,664000,NIFTY,2020-11-20
12926.4501953125,12968.849609375,12825.7001953125,12960.2998046875,633100,NIFTY,2020-11-23
13055.150390625,13079.099609375,12978.0,13002.599609375,571900,NIFTY,2020-11-24
12858.400390625,13145.849609375,12833.650390625,13130.0,679000,NIFTY,2020-11-25
12987.0,13018.0,12790.400390625,12906.4501953125,549800,NIFTY,2020-11-26
12968.9501953125,13035.2998046875,12914.2998046875,13012.0498046875,1162400,NIFTY,2020-11-27
13109.0498046875,13128.400390625,12962.7998046875,13062.2001953125,583600,NIFTY,2020-12-01
13113.75,13128.5,12983.5498046875,13121.400390625,717700,NIFTY,2020-12-02
13133.900390625,13216.599609375,13107.900390625,13215.2998046875,713700,NIFTY,2020-12-03
13258.5498046875,13280.0498046875,13152.849609375,13177.400390625,640500,NIFTY,2020-12-04
13355.75,13366.650390625,13241.9501953125,13264.849609375,591700,NIFTY,2020-12-07
13392.9501953125,13435.4501953125,13311.0498046875,13393.849609375,543200,NIFTY,2020-12-08
13529.099609375,13548.900390625,13449.599609375,13458.099609375,502600,NIFTY,2020-12-09
13478.2998046875,13503.5498046875,13399.2998046875,13488.5,553400,NIFTY,2020-12-10
13513.849609375,13579.349609375,13402.849609375,13512.2998046875,787700,NIFTY,2020-12-11
13558.150390625,13597.5,13472.4501953125,13571.4501953125,558400,NIFTY,2020-12-14
13567.849609375,13589.650390625,13447.0498046875,13547.2001953125,497600,NIFTY,2020-12-15
13682.7001953125,13692.349609375,13606.4501953125,13663.099609375,462200,NIFTY,2020-12-16
13740.7001953125,13773.25,13673.5498046875,13713.5498046875,416000,NIFTY,2020-12-17
13760.5498046875,13772.849609375,13658.599609375,13764.400390625,519400,NIFTY,2020-12-18
13328.400390625,13777.5,13131.4501953125,13741.900390625,687300,NIFTY,2020-12-21
13466.2998046875,13492.0498046875,13192.900390625,13373.650390625,696200,NIFTY,2020-12-22
13601.099609375,13619.4501953125,13432.2001953125,13473.5,458700,NIFTY,2020-12-23
13749.25,13771.75,13626.900390625,13672.150390625,471400,NIFTY,2020-12-24
13873.2001953125,13885.2998046875,13811.5498046875,13815.150390625,403600,NIFTY,2020-12-28
13932.599609375,13967.599609375,13859.900390625,13910.349609375,439600,NIFTY,2020-12-29
13981.9501953125,13997.0,13864.9501953125,13980.900390625,380700,NIFTY,2020-12-30
13981.75,14024.849609375,13936.4501953125,13970.0,452400,NIFTY,2020-12-31
14018.5,14049.849609375,13991.349609375,13996.099609375,358100,NIFTY,2021-01-01
14132.900390625,14147.9501953125,13953.75,14104.349609375,495000,NIFTY,2021-01-04
14199.5,14215.599609375,14048.150390625,14075.150390625,492500,NIFTY,2021-01-05
14146.25,14244.150390625,14039.900390625,14240.9501953125,632300,NIFTY,2021-01-06
14137.349609375,14256.25,14123.099609375,14253.75,559200,NIFTY,2021-01-07
14347.25,14367.2998046875,14221.650390625,14258.400390625,613500,NIFTY,2021-01-08
14484.75,14498.2001953125,14383.099609375,14474.0498046875,672900,NIFTY,2021-01-11
14563.4501953125,14590.650390625,14432.849609375,14473.7998046875,929600,NIFTY,2021-01-12
14564.849609375,14653.349609375,14435.7001953125,14639.7998046875,874000,NIFTY,2021-01-13
14595.599609375,14617.7998046875,14471.5,14550.0498046875,620200,NIFTY,2021-01-14
14433.7001953125,14617.4501953125,14357.849609375,14594.349609375,789600,NIFTY,2021-01-15
14281.2998046875,14459.150390625,14222.7998046875,14453.2998046875,762000,NIFTY,2021-01-18
14521.150390625,14546.0498046875,14350.849609375,14371.650390625,546100,NIFTY,2021-01-19
14644.7001953125,14666.4501953125,14517.5498046875,14538.2998046875,623100,NIFTY,2021-01-20
14590.349609375,14753.5498046875,14517.25,14730.9501953125,704600,NIFTY,2021-01-21
14371.900390625,14619.900390625,14357.75,14583.400390625,776800,NIFTY,2021-01-22
14238.900390625,14491.099609375,14218.599609375,14477.7998046875,618600,NIFTY,2021-01-25
13967.5,14237.9501953125,13929.2998046875,14237.9501953125,660700,NIFTY,2021-01-27
13817.5498046875,13898.25,13713.25,13810.400390625,637900,NIFTY,2021-01-28
13634.599609375,13966.849609375,13596.75,13946.599609375,753200,NIFTY,2021-01-29
14281.2001953125,14336.349609375,13661.75,13758.599609375,870500,NIFTY,2021-02-01
14647.849609375,14731.7001953125,14469.150390625,14481.099609375,915000,NIFTY,2021-02-02
14789.9501953125,14868.849609375,14574.150390625,14754.900390625,869500,NIFTY,2021-02-03
14895.650390625,14913.7001953125,14714.75,14789.0498046875,884700,NIFTY,2021-02-04
14924.25,15014.650390625,14864.75,14952.599609375,935600,NIFTY,2021-02-05
15115.7998046875,15159.900390625,15041.0498046875,15064.2998046875,671200,NIFTY,2021-02-08
15109.2998046875,15257.099609375,15064.2998046875,15164.150390625,713300,NIFTY,2021-02-09
15106.5,15168.25,14977.2001953125,15119.0498046875,624800,NIFTY,2021-02-10
15173.2998046875,15188.5,15065.400390625,15073.25,500100,NIFTY,2021-02-11
15163.2998046875,15243.5,15081.0,15186.2001953125,571800,NIFTY,2021-02-12
15314.7001953125,15340.150390625,15243.400390625,15270.2998046875,456000,NIFTY,2021-02-15
15313.4501953125,15431.75,15242.2001953125,15371.4501953125,648500,NIFTY,2021-02-16
15208.900390625,15314.2998046875,15170.75,15279.900390625,504800,NIFTY,2021-02-17
15118.9501953125,15250.75,15078.0498046875,15238.7001953125,770600,NIFTY,2021-02-18
14981.75,15144.0498046875,14898.2001953125,15074.7998046875,712200,NIFTY,2021-02-19
14675.7001953125,15010.099609375,14635.0498046875,14999.0498046875,609900,NIFTY,2021-02-22
14707.7998046875,14854.5,14651.849609375,14782.25,744100,NIFTY,2021-02-23
14982.0,15008.7998046875,14504.5,14729.150390625,403800,NIFTY,2021-02-24
15097.349609375,15176.5,15065.349609375,15079.849609375,803900,NIFTY,2021-02-25
14529.150390625,14919.4501953125,14467.75,14888.599609375,1103600,NIFTY,2021-02-26
14761.5498046875,14806.7998046875,14638.5498046875,14702.5,507300,NIFTY,2021-03-01
14919.099609375,14959.099609375,14760.7998046875,14865.2998046875,621700,NIFTY,2021-03-02
15245.599609375,15273.150390625,14995.7998046875,15064.400390625,544200,NIFTY,2021-03-03
15080.75,15202.349609375,14980.2001953125,15026.75,534900,NIFTY,2021-03-04
14938.099609375,15092.349609375,14862.099609375,14977.9501953125,640700,NIFTY,2021-03-05
14956.2001953125,15111.150390625,14919.900390625,15002.4501953125,0,NIFTY,2021-03-08
15098.400390625,15126.849609375,14925.4501953125,15049.900390625,675300,NIFTY,2021-03-09
15174.7998046875,15218.4501953125,15100.849609375,15202.150390625,404600,NIFTY,2021-03-10
15030.9501953125,15336.2998046875,14953.599609375,15321.150390625,493200,NIFTY,2021-03-12
14929.5,15048.400390625,14745.849609375,15048.400390625,467500,NIFTY,2021-03-15
14910.4501953125,15051.599609375,14890.650390625,14996.099609375,100,NIFTY,2021-03-16
14721.2998046875,14956.5498046875,14696.0498046875,14946.5498046875,100,NIFTY,2021-03-17
14557.849609375,14875.2001953125,14478.599609375,14855.5,542200,NIFTY,2021-03-18
14744.0,14788.25,14350.099609375,14471.150390625,919200,NIFTY,2021-03-19
14736.400390625,14763.900390625,14597.849609375,14736.2998046875,459000,NIFTY,2021-03-22
14814.75,14878.599609375,14707.0,14768.5498046875,474200,NIFTY,2021-03-23
14549.400390625,14752.349609375,14535.0,14712.4501953125,456400,NIFTY,2021-03-24
14324.900390625,14575.599609375,14264.400390625,14570.900390625,606800,NIFTY,2021-03-25
14507.2998046875,14572.900390625,14414.25,14506.2998046875,481000,NIFTY,2021-03-26
14845.099609375,14876.2998046875,14617.599609375,14628.5,594500,NIFTY,2021-03-30
14690.7001953125,14813.75,14670.25,14811.849609375,463900,NIFTY,2021-03-31
14867.349609375,14883.2001953125,14692.4501953125,14798.400390625,445000,NIFTY,2021-04-01
14637.7998046875,14849.849609375,14459.5,14837.7001953125,509700,NIFTY,2021-04-05
14683.5,14779.099609375,14573.900390625,14737.0,475300,NIFTY,2021-04-06
14819.0498046875,14879.7998046875,14649.849609375,14716.4501953125,0,NIFTY,2021-04-07
14873.7998046875,14984.150390625,14821.099609375,14875.650390625,514800,NIFTY,2021-04-08
14834.849609375,14918.4501953125,14785.650390625,14882.650390625,504100,NIFTY,2021-04-09
14310.7998046875,14652.5,14248.7001953125,14644.650390625,650200,NIFTY,2021-04-12
14504.7998046875,14528.900390625,14274.900390625,14364.900390625,605100,NIFTY,2021-04-13
14581.4501953125,14597.5498046875,14353.2001953125,14522.400390625,568000,NIFTY,2021-04-15
14617.849609375,14697.7001953125,14559.0,14599.599609375,577200,NIFTY,2021-04-16
14359.4501953125,14382.2998046875,14191.400390625,14306.599609375,512300,NIFTY,2021-04-19
14296.400390625,14526.9501953125,14207.2998046875,14526.7001953125,467400,NIFTY,2021-04-20
14406.150390625,14424.75,14151.400390625,14219.150390625,524600,NIFTY,2021-04-22
14341.349609375,14461.150390625,14273.2998046875,14326.349609375,498100,NIFTY,2021-04-23
14485.0,14557.5,14421.2998046875,14449.4501953125,452700,NIFTY,2021-04-26
14653.0498046875,14667.5498046875,14484.849609375,14493.7998046875,451800,NIFTY,2021-04-27
14864.5498046875,14890.25,14694.9501953125,14710.5,457000,NIFTY,2021-04-28
14894.900390625,15044.349609375,14814.4501953125,14979.0,517500,NIFTY,2021-04-29
14631.099609375,14855.4501953125,14601.7001953125,14747.349609375,613900,NIFTY,2021-04-30
14634.150390625,14673.849609375,14416.25,14481.0498046875,448900,NIFTY,2021-05-03
14496.5,14723.400390625,14461.5,14687.25,503400,NIFTY,2021-05-04
14617.849609375,14637.900390625,14506.599609375,14604.150390625,455900,NIFTY,2021-05-05
14724.7998046875,14743.900390625,14611.5,14668.349609375,467800,NIFTY,2021-05-06
14823.150390625,14863.0498046875,14765.5,14816.849609375,488000,NIFTY,2021-05-07
14942.349609375,14966.900390625,14892.5,14928.25,522000,NIFTY,2021-05-10
14850.75,14900.0,14771.400390625,14789.7001953125,647400,NIFTY,2021-05-11
14696.5,14824.0498046875,14649.7001953125,14823.5498046875,643800,NIFTY,2021-05-12
14677.7998046875,14749.650390625,14591.900390625,14749.400390625,620700,NIFTY,2021-05-14
14923.150390625,14938.0,14725.349609375,14756.25,546400,NIFTY,2021-05-17
15108.099609375,15137.25,15043.7001953125,15067.2001953125,583900,NIFTY,2021-05-18
15030.150390625,15133.400390625,15008.849609375,15058.599609375,569100,NIFTY,2021-05-19
14906.0498046875,15069.7998046875,14884.900390625,15042.599609375,480300,NIFTY,2021-05-20
15175.2998046875,15190.0,14985.849609375,14987.7998046875,572900,NIFTY,2021-05-21
15197.7001953125,15256.25,15145.4501953125,15211.349609375,579800,NIFTY,2021-05-24
15208.4501953125,15293.849609375,15163.400390625,15291.75,441500,NIFTY,2021-05-25
15301.4501953125,15319.900390625,15194.9501953125,15257.0498046875,384000,NIFTY,2021-05-26
15337.849609375,15384.5498046875,15272.5,15323.9501953125,0,NIFTY,2021-05-27
15435.650390625,15469.650390625,15394.75,15421.2001953125,468100,NIFTY,2021-05-28
15582.7998046875,15606.349609375,15374.0,15437.75,436000,NIFTY,2021-05-31
15574.849609375,15660.75,15528.2998046875,15629.650390625,409600,NIFTY,2021-06-01
15576.2001953125,15597.4501953125,15459.849609375,15520.349609375,428600,NIFTY,2021-06-02
15690.349609375,15705.099609375,15611.0,15655.5498046875,410200,NIFTY,2021-06-03
15670.25,15733.599609375,15622.349609375,15712.5,414200,NIFTY,2021-06-04
15751.650390625,15773.4501953125,15678.099609375,15725.099609375,394000,NIFTY,2021-06-07
15740.099609375,15778.7998046875,15680.0,15773.900390625,378200,NIFTY,2021-06-08
15635.349609375,15800.4501953125,15566.900390625,15766.2998046875,457900,NIFTY,2021-06-09
15737.75,15751.25,15648.5,15692.099609375,298300,NIFTY,2021-06-10
15799.349609375,15835.5498046875,15749.7998046875,15796.4501953125,363000,NIFTY,2021-06-11
15811.849609375,15823.0498046875,15606.5,15791.400390625,392900,NIFTY,2021-06-14
15869.25,15901.599609375,15842.400390625,15866.9501953125,323300,NIFTY,2021-06-15
15767.5498046875,15880.849609375,15742.599609375,15847.5,340200,NIFTY,2021-06-16
15691.400390625,15769.349609375,15616.75,15648.2998046875,357600,NIFTY,2021-06-17
15683.349609375,15761.5,15450.900390625,15756.5,640800,NIFTY,2021-06-18
15746.5,15765.150390625,15505.650390625,15525.849609375,351500,NIFTY,2021-06-21
15772.75,15895.75,15752.099609375,15840.5,322200,NIFTY,2021-06-22
15686.9501953125,15862.9501953125,15673.9501953125,15862.7998046875,287500,NIFTY,2021-06-23
15790.4501953125,15821.400390625,15702.7001953125,15737.2998046875,316700,NIFTY,2021-06-24
15860.349609375,15870.7998046875,15772.2998046875,15839.349609375,314600,NIFTY,2021-06-25
15814.7001953125,15915.650390625,15792.150390625,15915.349609375,255100,NIFTY,2021-06-28
15748.4501953125,15835.900390625,15724.0498046875,15807.5,360300,NIFTY,2021-06-29
15721.5,15839.099609375,15708.75,15776.900390625,262400,NIFTY,2021-06-30
15680.0,15755.5498046875,15667.0498046875,15755.0498046875,224900,NIFTY,2021-07-01
15722.2001953125,15738.349609375,15635.9501953125,15705.849609375,254800,NIFTY,2021-07-02
15834.349609375,15845.9501953125,15762.0498046875,15793.400390625,207000,NIFTY,2021-07-05
15818.25,15914.2001953125,15801.0,15813.75,391400,NIFTY,2021-07-06
15879.650390625,15893.5498046875,15779.7001953125,15819.599609375,329300,NIFTY,2021-07-07
15727.900390625,15885.75,15682.900390625,15855.400390625,307900,NIFTY,2021-07-08
15689.7998046875,15730.849609375,15632.75,15688.25,243200,NIFTY,2021-07-09
15692.599609375,15789.2001953125,15644.75,15766.7998046875,216300,NIFTY,2021-07-12
15812.349609375,15820.7998046875,15744.599609375,15794.0,246700,NIFTY,2021-07-13
15853.9501953125,15877.349609375,15764.2001953125,15808.7001953125,0,NIFTY,2021-07-14
15924.2001953125,15952.349609375,15855.0,15872.150390625,284900,NIFTY,2021-07-15
15923.400390625,15962.25,15882.599609375,15958.349609375,276300,NIFTY,2021-07-16
15752.400390625,15836.900390625,15707.5,15754.5,242100,NIFTY,2021-07-19
15632.099609375,15728.4501953125,15578.5498046875,15703.9501953125,274300,NIFTY,2021-07-20
15824.0498046875,15834.7998046875,15726.400390625,15736.599609375,265300,NIFTY,2021-07-22
15856.0498046875,15899.7998046875,15768.400390625,15856.7998046875,294100,NIFTY,2021-07-23
15824.4501953125,15893.349609375,15797.0,15849.2998046875,267100,NIFTY,2021-07-26
15746.4501953125,15881.5498046875,15701.0,15860.5,311000,NIFTY,2021-07-27
15709.400390625,15767.5,15513.4501953125,15761.5498046875,318600,NIFTY,2021-07-28
15778.4501953125,15817.349609375,15737.7998046875,15762.7001953125,401600,NIFTY,2021-07-29
15763.0498046875,15862.7998046875,15744.849609375,15800.599609375,400000,NIFTY,2021-07-30
15885.150390625,15892.900390625,15834.650390625,15874.900390625,244800,NIFTY,2021-08-02
16130.75,16146.900390625,15914.349609375,15951.5498046875,341300,NIFTY,2021-08-03
16258.7998046875,16290.2001953125,16176.150390625,16195.25,427300,NIFTY,2021-08-04
16294.599609375,16349.4501953125,16210.2998046875,16288.9501953125,418200,NIFTY,2021-08-05
16238.2001953125,16336.75,16223.2998046875,16304.400390625,320100,NIFTY,2021-08-06
16258.25,16320.75,16179.0498046875,16281.349609375,240500,NIFTY,2021-08-09
16280.099609375,16359.25,16202.25,16274.7998046875,288000,NIFTY,2021-08-10
16282.25,16338.75,16162.5498046875,16327.2998046875,277900,NIFTY,2021-08-11
16364.400390625,16375.5,16286.900390625,16303.650390625,280200,NIFTY,2021-08-12
16529.099609375,16543.599609375,16376.2998046875,16385.69921875,321900,NIFTY,2021-08-13
16563.05078125,16589.400390625,16480.75,16518.400390625,254000,NIFTY,2021-08-16
16614.599609375,16628.55078125,16495.400390625,16545.25,297400,NIFTY,2021-08-17
16568.849609375,16701.849609375,16535.849609375,16691.94921875,251800,NIFTY,2021-08-18
16450.5,16509.55078125,16376.0498046875,16382.5,350800,NIFTY,2021-08-20
16496.44921875,16592.5,16395.69921875,16592.25,275600,NIFTY,2021-08-23
16624.599609375,16647.099609375,16495.30078125,16561.400390625,275400,NIFTY,2021-08-24
16634.650390625,16712.44921875,16617.5,16654.0,265900,NIFTY,2021-08-25
16636.900390625,16683.69921875,16603.400390625,16627.94921875,253500,NIFTY,2021-08-26
16705.19921875,16722.05078125,16565.599609375,16642.55078125,217400,NIFTY,2021-08-27
16931.05078125,16951.5,16764.849609375,16775.849609375,283500,NIFTY,2021-08-30
17132.19921875,17153.5,16915.849609375,16947.5,464400,NIFTY,2021-08-31
17076.25,17225.75,17055.05078125,17185.599609375,301900,NIFTY,2021-09-01
17234.150390625,17245.5,17059.69921875,17095.400390625,242400,NIFTY,2021-09-02
17323.599609375,17340.099609375,17212.19921875,17262.44921875,261400,NIFTY,2021-09-03
17377.80078125,17429.55078125,17345.55078125,17399.349609375,228000,NIFTY,2021-09-06
17362.099609375,17436.5,17287.0,17401.55078125,243400,NIFTY,2021-09-07
17353.5,17383.400390625,17254.19921875,17375.75,252700,NIFTY,2021-09-08
17369.25,17379.650390625,17302.69921875,17312.849609375,241500,NIFTY,2021-09-09
17355.30078125,17378.349609375,17269.150390625,17363.55078125,241100,NIFTY,2021-09-13
17380.0,17438.55078125,17367.05078125,17420.349609375,230400,NIFTY,2021-09-14
17519.44921875,17532.69921875,17386.900390625,17387.650390625,388200,NIFTY,2021-09-15
17629.5,17644.599609375,17510.44921875,17539.19921875,503300,NIFTY,2021-09-16
17585.150390625,17792.94921875,17537.650390625,17709.650390625,508300,NIFTY,2021-09-17
17396.900390625,17622.75,17361.80078125,17443.849609375,339100,NIFTY,2021-09-20
17562.0,17578.349609375,17326.099609375,17450.5,363600,NIFTY,2021-09-21
17546.650390625,17610.44921875,17524.0,17580.900390625,295200,NIFTY,2021-09-22
17822.94921875,17843.900390625,17646.55078125,17670.849609375,320500,NIFTY,2021-09-23
17853.19921875,17947.650390625,17819.400390625,17897.44921875,360100,NIFTY,2021-09-24
17855.099609375,17943.5,17802.900390625,17932.19921875,295700,NIFTY,2021-09-27
17748.599609375,17912.849609375,17576.099609375,17906.44921875,398000,NIFTY,2021-09-28
17711.30078125,17781.75,17608.150390625,17657.94921875,562200,NIFTY,2021-09-29
17618.150390625,17742.150390625,17585.349609375,17718.900390625,378600,NIFTY,2021-09-30
17532.05078125,17557.150390625,17452.900390625,17531.900390625,305800,NIFTY,2021-10-01
17691.25,17750.900390625,17581.349609375,17615.55078125,295800,NIFTY,2021-10-04
17822.30078125,17833.44921875,17640.900390625,17661.349609375,427000,NIFTY,2021-10-05
17646.0,17884.599609375,17613.150390625,17861.5,395800,NIFTY,2021-10-06
17790.349609375,17857.55078125,17763.80078125,17810.55078125,419900,NIFTY,2021-10-07
17895.19921875,17941.849609375,17840.349609375,17886.849609375,324100,NIFTY,2021-10-08
17945.94921875,18041.94921875,17839.099609375,17867.55078125,375800,NIFTY,2021-10-11
17991.94921875,18008.650390625,17864.94921875,17915.80078125,355600,NIFTY,2021-10-12
18161.75,18197.80078125,18050.75,18097.849609375,506700,NIFTY,2021-10-13
18338.55078125,18350.75,18248.69921875,18272.849609375,538700,NIFTY,2021-10-14
18477.05078125,18543.150390625,18445.30078125,18500.099609375,469900,NIFTY,2021-10-18
18418.75,18604.44921875,18377.69921875,18602.349609375,368200,NIFTY,2021-10-19
18266.599609375,18458.30078125,18209.349609375,18439.900390625,371300,NIFTY,2021-10-20
18178.099609375,18384.19921875,18048.0,18382.69921875,365900,NIFTY,2021-10-21
18114.900390625,18314.25,18034.349609375,18230.69921875,324700,NIFTY,2021-10-22
18125.400390625,18241.400390625,17968.5,18229.5,418700,NIFTY,2021-10-25
18268.400390625,18310.44921875,18099.30078125,18154.5,341400,NIFTY,2021-10-26
18210.94921875,18342.05078125,18167.900390625,18295.849609375,335200,NIFTY,2021-10-27
17857.25,18190.69921875,17799.44921875,18187.650390625,374200,NIFTY,2021-10-28
17671.650390625,17915.849609375,17613.099609375,17833.05078125,336500,NIFTY,2021-10-29
17929.650390625,17954.099609375,17697.099609375,17783.150390625,281200,NIFTY,2021-11-01
17888.94921875,18012.25,17847.599609375,17970.900390625,296400,NIFTY,2021-11-02
17829.19921875,17988.75,17757.94921875,17947.94921875,331000,NIFTY,2021-11-03
17916.80078125,17947.55078125,17900.599609375,17935.05078125,48500,NIFTY,2021-11-04
18068.55078125,18087.80078125,17836.099609375,18040.19921875,338900,NIFTY,2021-11-08
18044.25,18112.599609375,17983.05078125,18084.349609375,270200,NIFTY,2021-11-09
18017.19921875,18061.25,17915.0,17973.44921875,261400,NIFTY,2021-11-10
17873.599609375,17971.349609375,17798.19921875,17967.44921875,232100,NIFTY,2021-11-11
18102.75,18123.0,17905.900390625,17977.599609375,249100,NIFTY,2021-11-12
18109.44921875,18210.150390625,18071.30078125,18140.94921875,280400,NIFTY,2021-11-15
17999.19921875,18132.650390625,17958.80078125,18127.05078125,267400,NIFTY,2021-11-16
17898.650390625,18022.650390625,17879.25,17939.349609375,295700,NIFTY,2021-11-17
17764.80078125,17945.599609375,17688.5,17890.55078125,278400,NIFTY,2021-11-18
17416.55078125,17805.25,17280.44921875,17796.25,356400,NIFTY,2021-11-22
17503.349609375,17553.69921875,17216.099609375,17281.75,308800,NIFTY,2021-11-23
17415.05078125,17600.599609375,17354.0,17550.05078125,298100,NIFTY,2021-11-24
17536.25,17564.349609375,17351.69921875,17417.30078125,255900,NIFTY,2021-11-25
17026.44921875,17355.400390625,16985.69921875,17338.75,356300,NIFTY,2021-11-26
17053.94921875,17160.69921875,16782.400390625,17055.80078125,348900,NIFTY,2021-11-29
16983.19921875,17324.650390625,16931.400390625,17051.150390625,498000,NIFTY,2021-11-30
17166.900390625,17213.05078125,17064.25,17104.400390625,295500,NIFTY,2021-12-01
17401.650390625,17420.349609375,17149.30078125,17183.19921875,279900,NIFTY,2021-12-02
17196.69921875,17489.80078125,17180.80078125,17424.900390625,292500,NIFTY,2021-12-03
16912.25,17216.75,16891.69921875,17209.05078125,231700,NIFTY,2021-12-06
17176.69921875,17251.650390625,16987.75,17044.099609375,254100,NIFTY,2021-12-07
17469.75,17484.599609375,17308.94921875,17315.25,257800,NIFTY,2021-12-08
17516.849609375,17543.25,17379.599609375,17524.400390625,237200,NIFTY,2021-12-09
17511.30078125,17534.349609375,17405.25,17476.05078125,204500,NIFTY,2021-12-10
17368.25,17639.5,17355.94921875,17619.099609375,256600,NIFTY,2021-12-13
17324.900390625,17376.19921875,17225.80078125,17283.19921875,271000,NIFTY,2021-12-14
17221.400390625,17351.19921875,17192.19921875,17323.650390625,215000,NIFTY,2021-12-15
17248.400390625,17379.349609375,17184.94921875,17373.0,219500,NIFTY,2021-12-16
16985.19921875,17298.150390625,16966.44921875,17276.0,354600,NIFTY,2021-12-17
16614.19921875,16840.099609375,16410.19921875,16824.25,330600,NIFTY,2021-12-20
16770.849609375,16936.400390625,16688.25,16773.150390625,241000,NIFTY,2021-12-21
16955.44921875,16971.0,16819.5,16865.55078125,207900,NIFTY,2021-12-22
17072.599609375,17118.650390625,17015.55078125,17066.80078125,197000,NIFTY,2021-12-23
17003.75,17155.599609375,16909.599609375,17149.5,182600,NIFTY,2021-12-24
17086.25,17112.05078125,16833.19921875,16937.75,144800,NIFTY,2021-12-27
17233.25,17250.25,17161.150390625,17177.599609375,176000,NIFTY,2021-12-28
17213.599609375,17285.94921875,17176.650390625,17220.099609375,161700,NIFTY,2021-12-29
17203.94921875,17264.05078125,17146.349609375,17201.44921875,320800,NIFTY,2021-12-30
17354.05078125,17400.80078125,17238.5,17244.5,167000,NIFTY,2021-12-31
17625.69921875,17646.650390625,17383.30078125,17387.150390625,200500,NIFTY,2022-01-03
17805.25,17827.599609375,17593.55078125,17681.400390625,247400,NIFTY,2022-01-04
17925.25,17944.69921875,17748.849609375,17820.099609375,251500,NIFTY,2022-01-05
17745.900390625,17797.94921875,17655.55078125,17768.5,236500,NIFTY,2022-01-06
17812.69921875,17905.0,17704.55078125,17797.599609375,239300,NIFTY,2022-01-07
18003.30078125,18017.44921875,17879.150390625,17913.30078125,232400,NIFTY,2022-01-10
18055.75,18081.25,17964.400390625,17997.75,220200,NIFTY,2022-01-11
18212.349609375,18227.94921875,18128.80078125,18170.400390625,245000,NIFTY,2022-01-12
18257.80078125,18272.25,18163.80078125,18257.0,303700,NIFTY,2022-01-13
18255.75,18286.94921875,18119.650390625,18185.0,229500,NIFTY,2022-01-14
18308.099609375,18321.55078125,18228.75,18235.650390625,266700,NIFTY,2022-01-17
18113.05078125,18350.94921875,18085.900390625,18337.19921875,227500,NIFTY,2022-01-18
17938.400390625,18129.19921875,17884.900390625,18129.19921875,276700,NIFTY,2022-01-19
17757.0,17943.69921875,17648.44921875,17921.0,258100,NIFTY,2022-01-20
17617.150390625,17707.599609375,17485.849609375,17613.69921875,277600,NIFTY,2022-01-21
17149.099609375,17599.400390625,16997.849609375,17575.150390625,323800,NIFTY,2022-01-24
17277.94921875,17309.150390625,16836.80078125,17001.55078125,326500,NIFTY,2022-01-25
17110.150390625,17182.5,16866.75,17062.0,395600,NIFTY,2022-01-27
17101.94921875,17373.5,17077.099609375,17208.30078125,355300,NIFTY,2022-01-28
17339.849609375,17410.0,17264.150390625,17301.05078125,321700,NIFTY,2022-01-31
17576.849609375,17622.400390625,17244.55078125,17529.44921875,386400,NIFTY,2022-02-01
17780.0,17794.599609375,17674.80078125,17706.19921875,271200,NIFTY,2022-02-02
17560.19921875,17781.150390625,17511.150390625,17767.75,226600,NIFTY,2022-02-03
17516.30078125,17617.80078125,17462.55078125,17590.19921875,261400,NIFTY,2022-02-04
17213.599609375,17536.75,17119.400390625,17456.30078125,265000,NIFTY,2022-02-07
17266.75,17306.44921875,17043.650390625,17279.849609375,268500,NIFTY,2022-02-08
17463.80078125,17477.150390625,17339.0,17370.099609375,236400,NIFTY,2022-02-09
17605.849609375,17639.44921875,17427.150390625,17554.099609375,273600,NIFTY,2022-02-10
17374.75,17454.75,17303.0,17451.0,253100,NIFTY,2022-02-11
16842.80078125,17099.5,16809.650390625,17076.150390625,305500,NIFTY,2022-02-14
17352.44921875,17375.0,16839.25,16933.25,298700,NIFTY,2022-02-15
17322.19921875,17490.599609375,17257.69921875,17408.44921875,244500,NIFTY,2022-02-16
17304.599609375,17442.900390625,17235.849609375,17396.55078125,232100,NIFTY,2022-02-17
17276.30078125,17380.80078125,17219.19921875,17236.05078125,189600,NIFTY,2022-02-18
17206.650390625,17351.05078125,17070.69921875,17192.25,215200,NIFTY,2022-02-21
17092.19921875,17148.55078125,16843.80078125,16847.94921875,300100,NIFTY,2022-02-22
17063.25,17220.69921875,17027.849609375,17194.5,200200,NIFTY,2022-02-23
16247.9501953125,16705.25,16203.25,16548.900390625,458000,NIFTY,2022-02-24
16658.400390625,16748.80078125,16478.30078125,16515.650390625,329800,NIFTY,2022-02-25
16793.900390625,16815.900390625,16356.2998046875,16481.599609375,404200,NIFTY,2022-02-28
16605.94921875,16678.5,16478.650390625,16593.099609375,517700,NIFTY,2022-03-02
16498.05078125,16768.94921875,16442.94921875,16723.19921875,442100,NIFTY,2022-03-03
16245.349609375,16456.0,16133.7998046875,16339.4501953125,456100,NIFTY,2022-03-04
15863.150390625,15944.599609375,15711.4501953125,15867.9501953125,585400,NIFTY,2022-03-07
16013.4501953125,16028.75,15671.4501953125,15747.75,543600,NIFTY,2022-03-08
16345.349609375,16418.05078125,15990.0,16078.0,462200,NIFTY,2022-03-09
16594.900390625,16757.30078125,16447.900390625,16757.099609375,486400,NIFTY,2022-03-10
16630.44921875,16694.400390625,16470.900390625,16528.80078125,343700,NIFTY,2022-03-11
16871.30078125,16887.94921875,16606.5,16633.69921875,314700,NIFTY,2022-03-14
16663.0,16927.75,16555.0,16900.650390625,381600,NIFTY,2022-03-15
16975.349609375,16987.900390625,16837.849609375,16876.650390625,260000,NIFTY,2022-03-16
17287.05078125,17344.599609375,17175.75,17202.900390625,448300,NIFTY,2022-03-17
17117.599609375,17353.349609375,17096.400390625,17329.5,285500,NIFTY,2022-03-21
17315.5,17334.400390625,17006.30078125,17120.400390625,338300,NIFTY,2022-03-22
17245.650390625,17442.400390625,17199.599609375,17405.05078125,292100,NIFTY,2022-03-23
17222.75,17291.75,17091.150390625,17094.94921875,290300,NIFTY,2022-03-24
17153.0,17294.900390625,17076.55078125,17289.0,237100,NIFTY,2022-03-25
17222.0,17235.099609375,17003.900390625,17181.849609375,253200,NIFTY,2022-03-28
17325.30078125,17343.650390625,17235.69921875,17297.19921875,235100,NIFTY,2022-03-29
17498.25,17522.5,17387.19921875,17468.150390625,505000,NIFTY,2022-03-30
17464.75,17559.80078125,17435.19921875,17519.19921875,281100,NIFTY,2022-03-31
17670.44921875,17703.69921875,17422.69921875,17436.900390625,291800,NIFTY,2022-04-01
18053.400390625,18114.650390625,17791.400390625,17809.099609375,345500,NIFTY,2022-04-04
17957.400390625,18095.44921875,17921.55078125,18080.599609375,283500,NIFTY,2022-04-05
17807.650390625,17901.0,17779.849609375,17842.75,328800,NIFTY,2022-04-06
17639.55078125,17787.5,17623.69921875,17723.30078125,308800,NIFTY,2022-04-07
17784.349609375,17842.75,17600.55078125,17698.150390625,274400,NIFTY,2022-04-08
17674.94921875,17779.05078125,17650.94921875,17740.900390625,251700,NIFTY,2022-04-11
17530.30078125,17595.30078125,17442.349609375,17584.849609375,266000,NIFTY,2022-04-12
17475.650390625,17663.650390625,17457.400390625,17599.900390625,245100,NIFTY,2022-04-13
17173.650390625,17237.75,17067.849609375,17183.44921875,376100,NIFTY,2022-04-18
16958.650390625,17275.650390625,16824.69921875,17258.94921875,401400,NIFTY,2022-04-19
17136.55078125,17186.900390625,16978.94921875,17045.25,286100,NIFTY,2022-04-20
17392.599609375,17414.69921875,17215.5,17234.599609375,285200,NIFTY,2022-04-21
17171.94921875,17315.30078125,17149.19921875,17242.75,262700,NIFTY,2022-04-22
16953.94921875,17054.30078125,16888.69921875,17009.05078125,275700,NIFTY,2022-04-25
17200.80078125,17223.849609375,17064.44921875,17121.30078125,261100,NIFTY,2022-04-26
17038.400390625,17110.69921875,16958.44921875,17073.349609375,265100,NIFTY,2022-04-27
17245.05078125,17322.5,17071.05078125,17189.5,312900,NIFTY,2022-04-28
17102.55078125,17377.650390625,17053.25,17329.25,336200,NIFTY,2022-04-29
17069.099609375,17092.25,16917.25,16924.44921875,278200,NIFTY,2022-05-02
16677.599609375,17132.849609375,16623.94921875,17096.599609375,310600,NIFTY,2022-05-04
16682.650390625,16945.69921875,16651.849609375,16854.75,265800,NIFTY,2022-05-05
16411.25,16484.19921875,16340.900390625,16415.55078125,300500,NIFTY,2022-05-06
16301.849609375,16403.69921875,16142.099609375,16227.7001953125,288400,NIFTY,2022-05-09
16240.0498046875,16404.55078125,16197.2998046875,16248.900390625,283100,NIFTY,2022-05-10
16167.099609375,16318.75,15992.599609375,16270.0498046875,284300,NIFTY,2022-05-11
15808.0,16041.9501953125,15735.75,16021.099609375,314900,NIFTY,2022-05-12
15782.150390625,16083.599609375,15740.849609375,15977.0,369100,NIFTY,2022-05-13
15842.2998046875,15977.9501953125,15739.650390625,15845.099609375,217600,NIFTY,2022-05-16
16259.2998046875,16284.25,15900.7998046875,15912.599609375,295700,NIFTY,2022-05-17
16240.2998046875,16399.80078125,16211.2001953125,16318.150390625,290400,NIFTY,2022-05-18
15809.400390625,15984.75,15775.2001953125,15917.400390625,313900,NIFTY,2022-05-19
16266.150390625,16283.0498046875,16003.849609375,16043.7998046875,252400,NIFTY,2022-05-20
16214.7001953125,16414.69921875,16185.75,16290.9501953125,293800,NIFTY,2022-05-23
16125.150390625,16262.7998046875,16078.599609375,16225.5498046875,249800,NIFTY,2022-05-24
16025.7998046875,16223.349609375,16006.9501953125,16196.349609375,243300,NIFTY,2022-05-25
16170.150390625,16204.4501953125,15903.7001953125,16105.0,314300,NIFTY,2022-05-26
16352.4501953125,16370.599609375,16221.9501953125,16296.599609375,274100,NIFTY,2022-05-27
16661.400390625,16695.5,16506.150390625,16527.900390625,251400,NIFTY,2022-05-30
16584.55078125,16690.75,16521.900390625,16578.44921875,651600,NIFTY,2022-05-31
16522.75,16649.19921875,16438.849609375,16594.400390625,249600,NIFTY,2022-06-01
16628.0,16646.400390625,16443.05078125,16481.650390625,236000,NIFTY,2022-06-02
16584.30078125,16793.849609375,16567.900390625,16761.650390625,245500,NIFTY,2022-06-03
16569.55078125,16610.94921875,16444.55078125,16530.69921875,233600,NIFTY,2022-06-06
16416.349609375,16487.25,16347.099609375,16469.599609375,233800,NIFTY,2022-06-07
16356.25,16514.30078125,16293.349609375,16474.94921875,243500,NIFTY,2022-06-08
16478.099609375,16492.80078125,16243.849609375,16263.849609375,205000,NIFTY,2022-06-09
16201.7998046875,16324.7001953125,16172.599609375,16283.9501953125,189700,NIFTY,2022-06-10
15774.400390625,15886.150390625,15684.0,15877.5498046875,225500,NIFTY,2022-06-13
15732.099609375,15858.0,15659.4501953125,15674.25,225400,NIFTY,2022-06-14
15692.150390625,15783.650390625,15678.900390625,15729.25,183000,NIFTY,2022-06-15
15360.599609375,15863.150390625,15335.099609375,15832.25,264700,NIFTY,2022-06-16
15293.5,15400.400390625,15183.400390625,15272.650390625,342600,NIFTY,2022-06-17
15350.150390625,15382.5,15191.099609375,15334.5,260000,NIFTY,2022-06-20
15638.7998046875,15707.25,15419.849609375,15455.9501953125,262800,NIFTY,2022-06-21
15413.2998046875,15565.400390625,15385.9501953125,15545.650390625,220900,NIFTY,2022-06-22
15556.650390625,15628.4501953125,15367.5,15451.5498046875,259200,NIFTY,2022-06-23
15699.25,15749.25,15619.4501953125,15657.400390625,219600,NIFTY,2022-06-24
15832.0498046875,15927.4501953125,15815.5,15926.2001953125,210900,NIFTY,2022-06-27
15850.2001953125,15892.099609375,15710.150390625,15757.4501953125,251900,NIFTY,2022-06-28
15799.099609375,15861.599609375,15687.7998046875,15701.7001953125,444900,NIFTY,2022-06-29
15780.25,15890.0,15728.849609375,15774.5,306000,NIFTY,2022-06-30
15752.0498046875,15793.9501953125,15511.0498046875,15703.7001953125,364100,NIFTY,2022-07-01
15835.349609375,15852.349609375,15661.7998046875,15710.5,304300,NIFTY,2022-07-04
15810.849609375,16025.75,15785.4501953125,15909.150390625,254200,NIFTY,2022-07-05
15989.7998046875,16011.349609375,15800.900390625,15818.2001953125,288400,NIFTY,2022-07-06
16132.900390625,16150.5,16045.9501953125,16113.75,264600,NIFTY,2022-07-07
16220.599609375,16275.5,16157.900390625,16273.650390625,281100,NIFTY,2022-07-08
16216.0,16248.5498046875,16115.5,16136.150390625,255900,NIFTY,2022-07-11
16058.2998046875,16158.75,16031.150390625,16126.2001953125,208600,NIFTY,2022-07-12
15966.650390625,16140.0,15950.150390625,16128.2001953125,233300,NIFTY,2022-07-13
15938.650390625,16070.849609375,15858.2001953125,16018.849609375,228600,NIFTY,2022-07-14
16049.2001953125,16066.9501953125,15927.2998046875,16010.7998046875,205800,NIFTY,2022-07-15
16278.5,16287.9501953125,16142.2001953125,16151.400390625,227700,NIFTY,2022-07-18
16340.5498046875,16359.5,16187.0498046875,16187.0498046875,222600,NIFTY,2022-07-19
16520.849609375,16588.0,16490.94921875,16562.80078125,284400,NIFTY,2022-07-20
16605.25,16626.94921875,16483.900390625,16523.55078125,243600,NIFTY,2022-07-21
16719.44921875,16752.25,16610.900390625,16661.25,190900,NIFTY,2022-07-22
16631.0,16706.05078125,16564.25,16662.55078125,211400,NIFTY,2022-07-25
16483.849609375,16636.099609375,16463.30078125,16632.900390625,208200,NIFTY,2022-07-26
16641.80078125,16653.44921875,16438.75,16475.349609375,185200,NIFTY,2022-07-27
16929.599609375,16947.650390625,16746.25,16774.849609375,376300,NIFTY,2022-07-28
17158.25,17172.80078125,17018.150390625,17079.5,436100,NIFTY,2022-07-29
17340.05078125,17356.25,17154.80078125,17243.19921875,381500,NIFTY,2022-08-01
17345.44921875,17390.150390625,17215.849609375,17310.150390625,333600,NIFTY,2022-08-02
17388.150390625,17407.5,17225.849609375,17349.25,285400,NIFTY,2022-08-03
17382.0,17490.69921875,17161.25,17463.099609375,325000,NIFTY,2022-08-04
17397.5,17474.400390625,17348.75,17423.650390625,355300,NIFTY,2022-08-05
17525.099609375,17548.80078125,17359.75,17401.5,257000,NIFTY,2022-08-08
17534.75,17566.099609375,17442.80078125,17566.099609375,312700,NIFTY,2022-08-10
17659.0,17719.30078125,17631.94921875,17711.650390625,311200,NIFTY,2022-08-11
17698.150390625,17724.650390625,17597.849609375,17659.650390625,303900,NIFTY,2022-08-12
17825.25,17839.099609375,17764.05078125,17797.19921875,0,NIFTY,2022-08-16
17944.25,17965.94921875,17833.349609375,17868.150390625,262800,NIFTY,2022-08-17
17956.5,17968.44921875,17852.05078125,17898.650390625,263900,NIFTY,2022-08-18
17758.44921875,17992.19921875,17710.75,17966.55078125,295600,NIFTY,2022-08-19
17490.69921875,17690.05078125,17467.349609375,17682.900390625,287600,NIFTY,2022-08-22
17577.5,17625.55078125,17345.19921875,17357.349609375,285600,NIFTY,2022-08-23
17604.94921875,17623.650390625,17499.25,17525.44921875,262000,NIFTY,2022-08-24
17522.44921875,17726.5,17487.44921875,17679.0,230200,NIFTY,2022-08-25
17558.900390625,17685.849609375,17519.349609375,17619.30078125,266600,NIFTY,2022-08-26
17312.900390625,17380.150390625,17166.19921875,17188.650390625,244900,NIFTY,2022-08-29
17759.30078125,17777.650390625,17401.5,17414.94921875,324700,NIFTY,2022-08-30
17542.80078125,17695.599609375,17468.44921875,17485.69921875,308500,NIFTY,2022-09-01
17539.44921875,17643.849609375,17476.44921875,17598.400390625,256300,NIFTY,2022-09-02
17665.80078125,17683.150390625,17540.349609375,17546.44921875,230300,NIFTY,2022-09-05
17655.599609375,17764.650390625,17587.650390625,17695.69921875,251200,NIFTY,2022-09-06
17624.400390625,17650.75,17484.30078125,17519.400390625,354100,NIFTY,2022-09-07
17798.75,17807.650390625,17691.94921875,17748.150390625,279800,NIFTY,2022-09-08
17833.349609375,17925.94921875,17786.0,17923.349609375,270300,NIFTY,2022-09-09
17936.349609375,17980.55078125,17889.150390625,17890.849609375,228200,NIFTY,2022-09-12
18070.05078125,18088.30078125,18015.44921875,18044.44921875,259900,NIFTY,2022-09-13
18003.75,18091.55078125,17771.150390625,17771.150390625,365900,NIFTY,2022-09-14
17877.400390625,18096.150390625,17861.5,18046.349609375,289600,NIFTY,2022-09-15
17530.849609375,17820.05078125,17497.25,17796.80078125,468500,NIFTY,2022-09-16
17622.25,17667.19921875,17429.69921875,17540.650390625,258300,NIFTY,2022-09-19
17816.25,17919.30078125,17744.400390625,17770.400390625,263100,NIFTY,2022-09-20
17718.349609375,17838.69921875,17663.599609375,17766.349609375,245500,NIFTY,2022-09-21
17629.80078125,17722.75,17532.44921875,17609.650390625,284100,NIFTY,2022-09-22
17327.349609375,17642.150390625,17291.650390625,17593.849609375,390800,NIFTY,2022-09-23
17016.30078125,17196.400390625,16978.30078125,17156.30078125,492000,NIFTY,2022-09-26
17007.400390625,17176.44921875,16942.349609375,17110.900390625,359900,NIFTY,2022-09-27
16858.599609375,17037.599609375,16820.400390625,16870.55078125,323900,NIFTY,2022-09-28
16818.099609375,17026.05078125,16788.599609375,16993.599609375,340000,NIFTY,2022-09-29
17094.349609375,17187.099609375,16747.69921875,16798.05078125,376100,NIFTY,2022-09-30
16887.349609375,17114.650390625,16855.55078125,17102.099609375,278400,NIFTY,2022-10-03
17274.30078125,17287.30078125,17117.30078125,17147.44921875,226000,NIFTY,2022-10-04
17331.80078125,17428.80078125,17315.650390625,17379.25,265500,NIFTY,2022-10-06
17314.650390625,17337.349609375,17216.94921875,17287.19921875,216300,NIFTY,2022-10-07
17241.0,17280.150390625,17064.69921875,17094.349609375,234000,NIFTY,2022-10-10
16983.55078125,17261.80078125,16950.30078125,17256.05078125,282600,NIFTY,2022-10-11
17123.599609375,17142.349609375,16960.05078125,17025.55078125,256000,NIFTY,2022-10-12
17014.349609375,17112.349609375,16956.94921875,17087.349609375,266400,NIFTY,2022-10-13
17185.69921875,17348.55078125,17169.75,17322.30078125,227000,NIFTY,2022-10-14
17311.80078125,17328.55078125,17098.55078125,17144.80078125,212200,NIFTY,2022-10-17
17486.94921875,17527.80078125,17434.05078125,17438.75,239500,NIFTY,2022-10-18
17512.25,17607.599609375,17472.849609375,17568.150390625,210500,NIFTY,2022-10-19
17563.94921875,17584.150390625,17421.0,17423.099609375,249600,NIFTY,2022-10-20
17576.30078125,17670.150390625,17520.75,17622.849609375,277700,NIFTY,2022-10-21
17730.75,17777.55078125,17707.400390625,17736.349609375,45000,NIFTY,2022-10-24
17656.349609375,17811.5,17637.0,17808.30078125,251400,NIFTY,2022-10-25
17736.94921875,17783.900390625,17654.5,17771.400390625,324600,NIFTY,2022-10-27
17786.80078125,17838.900390625,17723.69921875,17756.400390625,250000,NIFTY,2022-10-28
18012.19921875,18022.80078125,17899.900390625,17910.19921875,227200,NIFTY,2022-10-31
18145.400390625,18175.80078125,18060.150390625,18130.69921875,349900,NIFTY,2022-11-01
18082.849609375,18178.75,18048.650390625,18177.900390625,270900,NIFTY,2022-11-02
18052.69921875,18106.30078125,17959.19921875,17968.349609375,213000,NIFTY,2022-11-03
18117.150390625,18135.099609375,18017.150390625,18053.400390625,267900,NIFTY,2022-11-04
18202.80078125,18255.5,18064.75,18211.75,314800,NIFTY,2022-11-07
18157.0,18296.400390625,18117.5,18288.25,307200,NIFTY,2022-11-09
18028.19921875,18103.099609375,17969.400390625,18044.349609375,256500,NIFTY,2022-11-10
18349.69921875,18362.30078125,18259.349609375,18272.349609375,378500,NIFTY,2022-11-11
18329.150390625,18399.44921875,18311.400390625,18376.400390625,301400,NIFTY,2022-11-14
18403.400390625,18427.94921875,18282.0,18362.75,250900,NIFTY,2022-11-15
18409.650390625,18442.150390625,18344.150390625,18398.25,219300,NIFTY,2022-11-16
18343.900390625,18417.599609375,18312.94921875,18358.69921875,200500,NIFTY,2022-11-17
18307.650390625,18394.599609375,18209.80078125,18382.94921875,198800,NIFTY,2022-11-18
18159.94921875,18262.30078125,18133.349609375,18246.400390625,213800,NIFTY,2022-11-21
18244.19921875,18261.849609375,18137.69921875,18179.150390625,177700,NIFTY,2022-11-22
18267.25,18325.400390625,18246.0,18325.19921875,178800,NIFTY,2022-11-23
18484.099609375,18529.69921875,18294.25,18326.099609375,204000,NIFTY,2022-11-24
18512.75,18534.900390625,18445.099609375,18528.44921875,205900,NIFTY,2022-11-25
18562.75,18614.25,18365.599609375,18430.55078125,206500,NIFTY,2022-11-28
18618.05078125,18678.099609375,18552.150390625,18552.44921875,195300,NIFTY,2022-11-29
18758.349609375,18816.05078125,18616.55078125,18625.69921875,345600,NIFTY,2022-11-30
18812.5,18887.599609375,18778.19921875,18871.94921875,325000,NIFTY,2022-12-01
18696.099609375,18781.94921875,18639.19921875,18752.400390625,254400,NIFTY,2022-12-02
18701.05078125,18728.599609375,18591.349609375,18719.55078125,288400,NIFTY,2022-12-05
18642.75,18654.900390625,18577.900390625,18600.650390625,217800,NIFTY,2022-12-06
18560.5,18668.30078125,18528.400390625,18638.849609375,200500,NIFTY,2022-12-07
18609.349609375,18625.0,18536.94921875,18570.849609375,202800,NIFTY,2022-12-08
18496.599609375,18664.69921875,18410.099609375,18662.400390625,215800,NIFTY,2022-12-09
18497.150390625,18521.55078125,18345.69921875,18402.150390625,193900,NIFTY,2022-12-12
18608.0,18617.25,18490.19921875,18524.400390625,187600,NIFTY,2022-12-13
18660.30078125,18696.099609375,18632.900390625,18671.25,208000,NIFTY,2022-12-14
18414.900390625,18652.900390625,18387.69921875,18614.400390625,183100,NIFTY,2022-12-15
18269.0,18440.94921875,18255.150390625,18319.099609375,277700,NIFTY,2022-12-16
18420.44921875,18431.650390625,18244.55078125,18288.099609375,154800,NIFTY,2022-12-19
18385.30078125,18404.900390625,18202.650390625,18340.30078125,169000,NIFTY,2022-12-20
18199.099609375,18473.349609375,18162.75,18435.150390625,187600,NIFTY,2022-12-21
18127.349609375,18318.75,18068.599609375,18288.80078125,195700,NIFTY,2022-12-22
17806.80078125,18050.44921875,17779.5,17977.650390625,221500,NIFTY,2022-12-23
18014.599609375,18084.099609375,17774.25,17830.400390625,176700,NIFTY,2022-12-26
18132.30078125,18149.25,17967.44921875,18089.80078125,214300,NIFTY,2022-12-27
18122.5,18173.099609375,18068.349609375,18084.75,193900,NIFTY,2022-12-28
18191.0,18229.69921875,17992.80078125,18045.69921875,281100,NIFTY,2022-12-29
18105.30078125,18265.25,18080.30078125,18259.099609375,192000,NIFTY,2022-12-30
18197.44921875,18215.150390625,18086.5,18131.69921875,256100,NIFTY,2023-01-02
18232.55078125,18251.94921875,18149.80078125,18163.19921875,208700,NIFTY,2023-01-03
18042.94921875,18243.0,18020.599609375,18230.650390625,235200,NIFTY,2023-01-04
17992.150390625,18120.30078125,17892.599609375,18101.94921875,269900,NIFTY,2023-01-05
17859.44921875,18047.400390625,17795.55078125,18008.05078125,238200,NIFTY,2023-01-06
18101.19921875,18141.400390625,17936.150390625,17952.55078125,257200,NIFTY,2023-01-09
17914.150390625,18127.599609375,17856.0,18121.30078125,283300,NIFTY,2023-01-10
17895.69921875,17976.349609375,17824.349609375,17924.25,259900,NIFTY,2023-01-11
17858.19921875,17945.80078125,17761.650390625,17920.849609375,227800,NIFTY,2023-01-12
17956.599609375,17999.349609375,17774.25,17867.5,256700,NIFTY,2023-01-13
17894.849609375,18049.650390625,17853.650390625,18033.150390625,206200,NIFTY,2023-01-16
18053.30078125,18072.05078125,17886.94921875,17922.80078125,219100,NIFTY,2023-01-17
18165.349609375,18183.75,18032.44921875,18074.30078125,255800,NIFTY,2023-01-18
18107.849609375,18155.19921875,18063.75,18119.80078125,237800,NIFTY,2023-01-19
18027.650390625,18145.44921875,18016.19921875,18115.599609375,237200,NIFTY,2023-01-20
18118.55078125,18162.599609375,18063.44921875,18118.44921875,202500,NIFTY,2023-01-23
18118.30078125,18201.25,18078.650390625,18183.94921875,216900,NIFTY,2023-01-24
17891.94921875,18100.599609375,17846.150390625,18093.349609375,257200,NIFTY,2023-01-25
17604.349609375,17884.75,17493.55078125,17877.19921875,476300,NIFTY,2023-01-27
17648.94921875,17709.150390625,17405.55078125,17541.94921875,432400,NIFTY,2023-01-30
17662.150390625,17735.69921875,17537.55078125,17731.44921875,398300,NIFTY,2023-01-31
17616.30078125,17972.19921875,17353.400390625,17811.599609375,512900,NIFTY,2023-02-01
17610.400390625,17653.900390625,17445.94921875,17517.099609375,490100,NIFTY,2023-02-02
17854.05078125,17870.30078125,17584.19921875,17721.75,424100,NIFTY,2023-02-03
17764.599609375,17823.69921875,17698.349609375,17818.55078125,282500,NIFTY,2023-02-06
17721.5,17811.150390625,17652.55078125,17790.099609375,354400,NIFTY,2023-02-07
17871.69921875,17898.69921875,17744.150390625,17750.30078125,291000,NIFTY,2023-02-08
17893.44921875,17916.900390625,17779.80078125,17885.5,260900,NIFTY,2023-02-09
17856.5,17876.94921875,17801.0,17847.55078125,232000,NIFTY,2023-02-10
17770.900390625,17880.69921875,17719.75,17859.099609375,231300,NIFTY,2023-02-13
17929.849609375,17954.55078125,17800.05078125,17840.349609375,244500,NIFTY,2023-02-14
18015.849609375,18034.099609375,17853.80078125,17896.599609375,229300,NIFTY,2023-02-15
18035.849609375,18134.75,18000.650390625,18094.75,230200,NIFTY,2023-02-16
17944.19921875,18034.25,17884.599609375,17974.849609375,208100,NIFTY,2023-02-17
17844.599609375,18004.349609375,17818.400390625,17965.55078125,174600,NIFTY,2023-02-20
17826.69921875,17924.900390625,17800.30078125,17905.80078125,198200,NIFTY,2023-02-21
17554.30078125,17772.5,17529.44921875,17755.349609375,204000,NIFTY,2023-02-22
17511.25,17620.05078125,17455.400390625,17574.650390625,240800,NIFTY,2023-02-23
17465.80078125,17599.75,17421.80078125,17591.349609375,209400,NIFTY,2023-02-24
17392.69921875,17451.599609375,17299.0,17428.599609375,246400,NIFTY,2023-02-27
17303.94921875,17440.44921875,17255.19921875,17383.25,420900,NIFTY,2023-02-28
17450.900390625,17467.75,17345.25,17360.099609375,272900,NIFTY,2023-03-01
17321.900390625,17445.80078125,17306.0,17421.5,310700,NIFTY,2023-03-02
17594.349609375,17644.75,17427.69921875,17451.25,356200,NIFTY,2023-03-03
17711.44921875,17799.94921875,17671.94921875,17680.349609375,362800,NIFTY,2023-03-06
17754.400390625,17766.5,17602.25,17665.75,267000,NIFTY,2023-03-08
17589.599609375,17772.349609375,17573.599609375,17772.05078125,262400,NIFTY,2023-03-09
17412.900390625,17451.5,17324.349609375,17443.80078125,235900,NIFTY,2023-03-10
17154.30078125,17529.900390625,17113.44921875,17421.900390625,254900,NIFTY,2023-03-13
17043.30078125,17224.650390625,16987.099609375,17160.55078125,290600,NIFTY,2023-03-14
16972.150390625,17211.349609375,16938.900390625,17166.44921875,248200,NIFTY,2023-03-15
16985.599609375,17062.44921875,16850.150390625,16994.650390625,349800,NIFTY,2023-03-16
17100.05078125,17145.80078125,16958.150390625,17111.80078125,408100,NIFTY,2023-03-17
16988.400390625,17066.599609375,16828.349609375,17066.599609375,241800,NIFTY,2023-03-20
17107.5,17127.69921875,17016.0,17060.400390625,246700,NIFTY,2023-03-21
17151.900390625,17207.25,17107.849609375,17177.44921875,0,NIFTY,2023-03-22
17076.900390625,17205.400390625,17045.30078125,17097.400390625,219200,NIFTY,2023-03-23
16945.05078125,17109.44921875,16917.349609375,17076.19921875,228000,NIFTY,2023-03-24
16985.69921875,17091.0,16918.55078125,16984.30078125,218400,NIFTY,2023-03-27
16951.69921875,17061.75,16913.75,17031.75,238800,NIFTY,2023-03-28
17080.69921875,17126.150390625,16940.599609375,16977.30078125,345900,NIFTY,2023-03-29
17359.75,17381.599609375,17204.650390625,17210.349609375,263900,NIFTY,2023-03-31
17398.05078125,17428.05078125,17312.75,17427.94921875,230200,NIFTY,2023-04-03
17557.05078125,17570.55078125,17402.69921875,17422.30078125,248300,NIFTY,2023-04-05
17599.150390625,17638.69921875,17502.849609375,17533.849609375,242700,NIFTY,2023-04-06
17624.05078125,17694.099609375,17597.94921875,17634.900390625,254800,NIFTY,2023-04-10
17722.30078125,17748.75,17655.150390625,17704.80078125,304300,NIFTY,2023-04-11
17812.400390625,17825.75,17717.25,17759.55078125,232800,NIFTY,2023-04-12
17828.0,17842.150390625,17729.650390625,17807.30078125,285800,NIFTY,2023-04-13
17706.849609375,17863.0,17574.05078125,17863.0,357400,NIFTY,2023-04-17
17660.150390625,17766.599609375,17610.19921875,17766.599609375,258900,NIFTY,2023-04-18
17618.75,17666.150390625,17579.849609375,17653.349609375,281500,NIFTY,2023-04-19
17624.44921875,17684.44921875,17584.349609375,17638.599609375,215100,NIFTY,2023-04-20
17624.05078125,17663.19921875,17553.94921875,17639.75,230200,NIFTY,2023-04-21
17743.400390625,17754.5,17612.5,17707.55078125,255700,NIFTY,2023-04-24
17769.25,17807.44921875,17716.849609375,17761.55078125,297400,NIFTY,2023-04-25
17813.599609375,17827.75,17711.19921875,17767.30078125,233000,NIFTY,2023-04-26
17915.05078125,17931.599609375,17797.900390625,17813.099609375,241400,NIFTY,2023-04-27
18065.0,18089.150390625,17885.30078125,17950.400390625,290300,NIFTY,2023-04-28
18147.650390625,18180.25,18101.75,18124.80078125,265200,NIFTY,2023-05-02
18089.849609375,18116.349609375,18042.400390625,18113.80078125,226200,NIFTY,2023-05-03
18255.80078125,18267.44921875,18066.69921875,18081.0,226600,NIFTY,2023-05-04
18069.0,18216.94921875,18055.44921875,18117.30078125,239700,NIFTY,2023-05-05
18264.400390625,18286.94921875,18100.30078125,18120.599609375,228400,NIFTY,2023-05-08
18265.94921875,18344.19921875,18229.650390625,18303.400390625,245400,NIFTY,2023-05-09
18315.099609375,18326.75,18211.94921875,18313.599609375,220500,NIFTY,2023-05-10
18297.0,18389.69921875,18270.400390625,18357.80078125,248900,NIFTY,2023-05-11
18314.80078125,18342.75,18194.55078125,18273.75,241700,NIFTY,2023-05-12
18398.849609375,18458.900390625,18287.900390625,18339.30078125,216100,NIFTY,2023-05-15
18286.5,18432.349609375,18264.349609375,18432.349609375,219500,NIFTY,2023-05-16
18181.75,18309.0,18115.349609375,18300.44921875,229900,NIFTY,2023-05-17
18129.94921875,18297.19921875,18104.849609375,18287.5,272100,NIFTY,2023-05-18
18203.400390625,18218.099609375,18060.400390625,18186.150390625,260900,NIFTY,2023-05-19
18314.400390625,18335.25,18178.849609375,18201.099609375,262600,NIFTY,2023-05-22
18348.0,18419.75,18324.19921875,18362.900390625,270400,NIFTY,2023-05-23
18285.400390625,18392.599609375,18262.94921875,18294.80078125,232600,NIFTY,2023-05-24
18321.150390625,18338.099609375,18202.400390625,18268.900390625,235900,NIFTY,2023-05-25
18499.349609375,18508.55078125,18333.150390625,18368.349609375,198700,NIFTY,2023-05-26
18598.650390625,18641.19921875,18581.25,18619.150390625,265300,NIFTY,2023-05-29
18633.849609375,18662.44921875,18575.5,18606.650390625,234400,NIFTY,2023-05-30
18534.400390625,18603.900390625,18483.849609375,18594.19921875,696500,NIFTY,2023-05-31
18487.75,18580.30078125,18464.55078125,18579.400390625,265600,NIFTY,2023-06-01
18534.099609375,18573.69921875,18478.400390625,18550.849609375,270900,NIFTY,2023-06-02
18593.849609375,18640.150390625,18582.80078125,18612.0,256100,NIFTY,2023-06-05
18599.0,18622.75,18531.599609375,18600.80078125,220800,NIFTY,2023-06-06
18726.400390625,18738.94921875,18636.0,18665.599609375,260100,NIFTY,2023-06-07
18634.55078125,18777.900390625,18615.599609375,18725.349609375,286500,NIFTY,2023-06-08
18563.400390625,18676.650390625,18555.400390625,18655.900390625,221800,NIFTY,2023-06-09
18601.5,18633.599609375,18559.75,18595.05078125,179500,NIFTY,2023-06-12
18716.150390625,18728.900390625,18631.80078125,18631.80078125,233200,NIFTY,2023-06-13
18755.900390625,18769.69921875,18690.0,18744.599609375,261400,NIFTY,2023-06-14
18688.099609375,18794.099609375,18669.05078125,18774.44921875,263000,NIFTY,2023-06-15
18826.0,18864.69921875,18710.5,18723.30078125,272800,NIFTY,2023-06-16
18755.44921875,18881.44921875,18719.150390625,18873.30078125,219800,NIFTY,2023-06-19
18816.69921875,18839.69921875,18660.650390625,18752.349609375,211600,NIFTY,2023-06-20
18856.849609375,18875.900390625,18794.849609375,18849.400390625,217500,NIFTY,2023-06-21
18771.25,18886.599609375,18759.5,18853.599609375,252700,NIFTY,2023-06-22
18665.5,18756.400390625,18647.099609375,18741.849609375,210600,NIFTY,2023-06-23
18691.19921875,18722.05078125,18646.69921875,18682.349609375,171300,NIFTY,2023-06-26
18817.400390625,18829.25,18714.25,18748.55078125,222500,NIFTY,2023-06-27
18972.099609375,19011.25,18861.349609375,18908.150390625,398800,NIFTY,2023-06-28
19189.05078125,19201.69921875,19024.599609375,19076.849609375,247900,NIFTY,2023-06-30
19322.55078125,19345.099609375,19234.400390625,19246.5,226100,NIFTY,2023-07-03
19389.0,19434.150390625,19300.0,19406.599609375,226900,NIFTY,2023-07-04
19398.5,19421.599609375,19339.599609375,19405.94921875,224400,NIFTY,2023-07-05
19497.30078125,19512.19921875,19373.0,19385.69921875,268300,NIFTY,2023-07-06
19331.80078125,19523.599609375,19303.599609375,19422.80078125,237100,NIFTY,2023-07-07
19355.900390625,19435.849609375,19327.099609375,19400.349609375,268200,NIFTY,2023-07-10
19439.400390625,19515.099609375,19406.44921875,19427.099609375,251300,NIFTY,2023-07-11
19384.30078125,19507.69921875,19361.75,19497.44921875,327900,NIFTY,2023-07-12
19413.75,19567.0,19385.80078125,19495.19921875,310400,NIFTY,2023-07-13
19564.5,19595.349609375,19433.5,19493.44921875,291200,NIFTY,2023-07-14
19711.44921875,19731.849609375,19562.94921875,19612.150390625,268700,NIFTY,2023-07-17
19749.25,19819.44921875,19690.19921875,19787.5,286400,NIFTY,2023-07-18
19833.150390625,19851.69921875,19727.44921875,19802.94921875,259700,NIFTY,2023-07-19
19979.150390625,19991.849609375,19758.400390625,19831.69921875,274700,NIFTY,2023-07-20
19745.0,19887.400390625,19700.0,19800.44921875,312500,NIFTY,2023-07-21
19672.349609375,19782.75,19658.30078125,19748.44921875,265600,NIFTY,2023-07-24
19680.599609375,19729.349609375,19615.94921875,19729.349609375,369700,NIFTY,2023-07-25
19778.30078125,19825.599609375,19716.69921875,19733.349609375,244700,NIFTY,2023-07-26
19659.900390625,19867.55078125,19603.55078125,19850.900390625,334900,NIFTY,2023-07-27
19646.05078125,19695.900390625,19563.099609375,19659.75,258700,NIFTY,2023-07-28
19753.80078125,19772.75,19597.599609375,19666.349609375,295100,NIFTY,2023-07-31
19733.55078125,19795.599609375,19704.599609375,19784.0,298000,NIFTY,2023-08-01
19526.55078125,19678.25,19423.55078125,19655.400390625,290700,NIFTY,2023-08-02
19381.650390625,19537.650390625,19296.44921875,19463.75,315700,NIFTY,2023-08-03
19517.0,19538.849609375,19436.44921875,19462.80078125,280800,NIFTY,2023-08-04
19597.30078125,19620.44921875,19524.80078125,19576.849609375,216600,NIFTY,2023-08-07
19570.849609375,19634.400390625,19533.099609375,19627.19921875,260300,NIFTY,2023-08-08
19632.55078125,19645.5,19467.5,19578.80078125,266500,NIFTY,2023-08-09
19543.099609375,19623.599609375,19495.400390625,19605.55078125,312200,NIFTY,2023-08-10
19428.30078125,19557.75,19412.75,19554.25,235500,NIFTY,2023-08-11
19434.55078125,19465.849609375,19257.900390625,19383.94921875,243900,NIFTY,2023-08-14
19465.0,19482.75,19317.19921875,19369.0,0,NIFTY,2023-08-16
19365.25,19461.55078125,19326.25,19450.55078125,268700,NIFTY,2023-08-17
19310.150390625,19373.80078125,19253.599609375,19301.75,256100,NIFTY,2023-08-18
19393.599609375,19425.94921875,19296.30078125,19320.650390625,262600,NIFTY,2023-08-21
19396.44921875,19443.5,19381.30078125,19417.099609375,208700,NIFTY,2023-08-22
19444.0,19472.05078125,19366.599609375,19439.19921875,225200,NIFTY,2023-08-23
19386.69921875,19584.44921875,19369.0,19535.150390625,268300,NIFTY,2023-08-24
19265.80078125,19339.55078125,19229.69921875,19297.400390625,466500,NIFTY,2023-08-25
19306.05078125,19366.849609375,19249.69921875,19298.349609375,248200,NIFTY,2023-08-28
19342.650390625,19377.900390625,19309.099609375,19374.849609375,307400,NIFTY,2023-08-29
19347.44921875,19452.80078125,19334.75,19433.44921875,233000,NIFTY,2023-08-30
19253.80078125,19388.19921875,19223.650390625,19375.55078125,562600,NIFTY,2023-08-31
19435.30078125,19458.55078125,19255.69921875,19258.150390625,333000,NIFTY,2023-09-01
19528.80078125,19545.150390625,19432.849609375,19525.05078125,296800,NIFTY,2023-09-04
19574.900390625,19587.05078125,19525.75,19564.650390625,256800,NIFTY,2023-09-05
19611.05078125,19636.44921875,19491.5,19581.19921875,287600,NIFTY,2023-09-06
19727.05078125,19737.0,19550.05078125,19598.650390625,304900,NIFTY,2023-09-07
19819.94921875,19867.150390625,19727.05078125,19774.80078125,288100,NIFTY,2023-09-08
19996.349609375,20008.150390625,19865.349609375,19890.0,248800,NIFTY,2023-09-11
19993.19921875,20110.349609375,19914.650390625,20110.150390625,328100,NIFTY,2023-09-12
20070.0,20096.900390625,19944.099609375,19989.5,251400,NIFTY,2023-09-13
20103.099609375,20167.650390625,20043.44921875,20127.94921875,275100,NIFTY,2023-09-14
20192.349609375,20222.44921875,20129.69921875,20156.44921875,438200,NIFTY,2023-09-15
20133.30078125,20195.349609375,20115.69921875,20155.94921875,264900,NIFTY,2023-09-18
19901.400390625,20050.650390625,19878.849609375,19980.75,378100,NIFTY,2023-09-20
19742.349609375,19848.75,19709.94921875,19840.55078125,275100,NIFTY,2023-09-21
19674.25,19798.650390625,19657.5,19744.849609375,246400,NIFTY,2023-09-22
19674.55078125,19734.150390625,19601.55078125,19678.19921875,188400,NIFTY,2023-09-25
19664.69921875,19699.349609375,19637.44921875,19682.80078125,204900,NIFTY,2023-09-26
19716.44921875,19730.69921875,19554.0,19637.05078125,203600,NIFTY,2023-09-27
19523.55078125,19766.650390625,19492.099609375,19761.80078125,352800,NIFTY,2023-09-28
19638.30078125,19726.25,19551.05078125,19581.19921875,243500,NIFTY,2023-09-29
19528.75,19623.19921875,19479.650390625,19622.400390625,221700,NIFTY,2023-10-03
19436.099609375,19457.80078125,19333.599609375,19446.30078125,277100,NIFTY,2023-10-04
19545.75,19576.94921875,19487.30078125,19521.849609375,234900,NIFTY,2023-10-05
19653.5,19675.75,19589.400390625,19621.19921875,159100,NIFTY,2023-10-06
19512.349609375,19588.94921875,19480.5,19539.44921875,165100,NIFTY,2023-10-09
19689.849609375,19717.80078125,19565.44921875,19565.599609375,216600,NIFTY,2023-10-10
19811.349609375,19839.19921875,19756.94921875,19767.0,213700,NIFTY,2023-10-11
19794.0,19843.30078125,19772.650390625,19822.69921875,217900,NIFTY,2023-10-12
19751.05078125,19805.400390625,19635.30078125,19654.55078125,255000,NIFTY,2023-10-13
19731.75,19781.30078125,19691.849609375,19737.25,181000,NIFTY,2023-10-16
19811.5,19849.75,19775.650390625,19843.19921875,185800,NIFTY,2023-10-17
19671.099609375,19840.94921875,19659.94921875,19820.44921875,198900,NIFTY,2023-10-18
19624.69921875,19681.80078125,19512.349609375,19545.19921875,230300,NIFTY,2023-10-19
19542.650390625,19593.80078125,19518.69921875,19542.150390625,198300,NIFTY,2023-10-20
19281.75,19556.849609375,19257.849609375,19521.599609375,176000,NIFTY,2023-10-23
19122.150390625,19347.30078125,19074.150390625,19286.44921875,225300,NIFTY,2023-10-25
18857.25,19041.69921875,18837.849609375,19027.25,300400,NIFTY,2023-10-26
19047.25,19076.150390625,18926.650390625,18928.75,205200,NIFTY,2023-10-27
19140.900390625,19158.5,18940.0,19053.400390625,180100,NIFTY,2023-10-30
19079.599609375,19233.69921875,19056.44921875,19232.94921875,206000,NIFTY,2023-10-31
18989.150390625,19096.05078125,18973.69921875,19064.05078125,194100,NIFTY,2023-11-01
19133.25,19175.25,19064.150390625,19120.0,245600,NIFTY,2023-11-02
19230.599609375,19276.25,19210.900390625,19241.0,189500,NIFTY,2023-11-03
19411.75,19423.0,19309.69921875,19345.849609375,180700,NIFTY,2023-11-06
19406.69921875,19423.5,19329.099609375,19404.05078125,198700,NIFTY,2023-11-07
19443.5,19464.400390625,19401.5,19449.599609375,195000,NIFTY,2023-11-08
19395.30078125,19463.900390625,19378.349609375,19457.400390625,208400,NIFTY,2023-11-09
19425.349609375,19451.30078125,19329.44921875,19351.849609375,152200,NIFTY,2023-11-10
19443.55078125,19494.400390625,19414.75,19486.75,189300,NIFTY,2023-11-13
19675.44921875,19693.19921875,19579.650390625,19651.400390625,291500,NIFTY,2023-11-15
19765.19921875,19875.25,19627.0,19674.69921875,282700,NIFTY,2023-11-16
19731.80078125,19806.0,19667.44921875,19674.75,236800,NIFTY,2023-11-17
19694.0,19756.44921875,19670.5,19731.150390625,173800,NIFTY,2023-11-20
19783.400390625,19829.099609375,19754.05078125,19770.900390625,195000,NIFTY,2023-11-21
19811.849609375,19825.55078125,19703.849609375,19784.0,184500,NIFTY,2023-11-22
19802.0,19875.150390625,19786.75,19828.44921875,170000,NIFTY,2023-11-23
19794.69921875,19832.849609375,19768.849609375,19809.599609375,145900,NIFTY,2023-11-24
19889.69921875,19916.849609375,19800.0,19844.650390625,229600,NIFTY,2023-11-28
20096.599609375,20104.650390625,19956.30078125,19976.55078125,236200,NIFTY,2023-11-29
20133.150390625,20158.69921875,20015.849609375,20108.5,486600,NIFTY,2023-11-30
20267.900390625,20291.55078125,20183.69921875,20194.099609375,265800,NIFTY,2023-12-01
20686.80078125,20702.650390625,20507.75,20601.94921875,381100,NIFTY,2023-12-04
20855.099609375,20864.05078125,20711.150390625,20808.900390625,421000,NIFTY,2023-12-05
20937.69921875,20961.94921875,20852.150390625,20950.75,359200,NIFTY,2023-12-06
20901.150390625,20941.25,20850.80078125,20932.400390625,275000,NIFTY,2023-12-07
20969.400390625,21006.099609375,20862.69921875,20934.099609375,292400,NIFTY,2023-12-08
20997.099609375,21026.099609375,20923.69921875,20965.30078125,212900,NIFTY,2023-12-11
20906.400390625,21037.900390625,20867.150390625,21018.55078125,244900,NIFTY,2023-12-12
20926.349609375,20950.0,20769.5,20929.75,260300,NIFTY,2023-12-13
21182.69921875,21210.900390625,21074.44921875,21110.400390625,334400,NIFTY,2023-12-14
21456.650390625,21492.30078125,21235.30078125,21287.44921875,508800,NIFTY,2023-12-15
21418.650390625,21482.80078125,21365.349609375,21434.80078125,249700,NIFTY,2023-12-18
21453.099609375,21505.05078125,21337.75,21477.650390625,249800,NIFTY,2023-12-19
21150.150390625,21593.0,21087.349609375,21543.5,363900,NIFTY,2023-12-20
21255.05078125,21288.349609375,20976.80078125,21033.94921875,277500,NIFTY,2023-12-21
21349.400390625,21390.5,21232.44921875,21295.849609375,284700,NIFTY,2023-12-22
21441.349609375,21477.150390625,21329.44921875,21365.19921875,219500,NIFTY,2023-12-26
21654.75,21675.75,21495.80078125,21497.650390625,256500,NIFTY,2023-12-27
21778.69921875,21801.44921875,21678.0,21715.0,393100,NIFTY,2023-12-28
21731.400390625,21770.30078125,21676.900390625,21737.650390625,270900,NIFTY,2023-12-29
21741.900390625,21834.349609375,21680.849609375,21727.75,154000,NIFTY,2024-01-01
21665.80078125,21755.599609375,21555.650390625,21751.349609375,263700,NIFTY,2024-01-02
21517.349609375,21677.0,21500.349609375,21661.099609375,311900,NIFTY,2024-01-03
21658.599609375,21685.650390625,21564.55078125,21605.80078125,339200,NIFTY,2024-01-04
21710.80078125,21749.599609375,21629.19921875,21705.75,309300,NIFTY,2024-01-05
21513.0,21763.94921875,21492.900390625,21747.599609375,231500,NIFTY,2024-01-08
21544.849609375,21724.44921875,21517.849609375,21653.599609375,228600,NIFTY,2024-01-09
21618.69921875,21641.849609375,21448.650390625,21529.30078125,217000,NIFTY,2024-01-10
21647.19921875,21726.5,21593.75,21688.0,212500,NIFTY,2024-01-11
21894.55078125,21928.25,21715.150390625,21773.55078125,294700,NIFTY,2024-01-12
22097.44921875,22115.55078125,21963.55078125,22053.150390625,345500,NIFTY,2024-01-15
22032.30078125,22124.150390625,21969.80078125,22080.5,292400,NIFTY,2024-01-16
21571.94921875,21851.5,21550.44921875,21647.25,456000,NIFTY,2024-01-17
21462.25,21539.400390625,21285.55078125,21414.19921875,387300,NIFTY,2024-01-18
21622.400390625,21670.599609375,21575.0,21615.19921875,343100,NIFTY,2024-01-19
21238.80078125,21750.25,21192.599609375,21716.69921875,449700,NIFTY,2024-01-23
21453.94921875,21482.349609375,21137.19921875,21185.25,407500,NIFTY,2024-01-24
21352.599609375,21459.0,21247.05078125,21454.599609375,418100,NIFTY,2024-01-25
21737.599609375,21763.25,21429.599609375,21433.099609375,376700,NIFTY,2024-01-29
21522.099609375,21813.05078125,21501.80078125,21775.75,375100,NIFTY,2024-01-30
21725.69921875,21741.349609375,21448.849609375,21487.25,410600,NIFTY,2024-01-31
21697.44921875,21832.94921875,21658.75,21780.650390625,332500,NIFTY,2024-02-01
21853.80078125,22126.80078125,21805.55078125,21812.75,442800,NIFTY,2024-02-02
21771.69921875,21964.30078125,21726.94921875,21921.05078125,440800,NIFTY,2024-02-05
21929.400390625,21951.400390625,21737.55078125,21825.19921875,371000,NIFTY,2024-02-06
21930.5,22053.30078125,21860.150390625,22045.05078125,346300,NIFTY,2024-02-07
21717.94921875,22011.05078125,21665.30078125,22009.650390625,491100,NIFTY,2024-02-08
21782.5,21804.44921875,21629.900390625,21727.0,349200,NIFTY,2024-02-09
21616.05078125,21831.69921875,21574.75,21800.80078125,287400,NIFTY,2024-02-12
21743.25,21766.80078125,21543.349609375,21664.30078125,365800,NIFTY,2024-02-13
21840.05078125,21870.849609375,21530.19921875,21578.150390625,359100,NIFTY,2024-02-14
21910.75,21953.849609375,21794.80078125,21906.55078125,345400,NIFTY,2024-02-15
22040.69921875,22068.650390625,21968.94921875,22020.30078125,343900,NIFTY,2024-02-16
22122.25,22186.650390625,22021.05078125,22103.44921875,0,NIFTY,2024-02-19
22196.94921875,22215.599609375,22045.849609375,22099.19921875,295700,NIFTY,2024-02-20
22055.05078125,22249.400390625,21997.94921875,22248.849609375,364500,NIFTY,2024-02-21
22217.44921875,22252.5,21875.25,22081.55078125,343500,NIFTY,2024-02-22
22212.69921875,22297.5,22186.099609375,22290.0,226000,NIFTY,2024-02-23
22122.05078125,22202.150390625,22075.150390625,22169.19921875,207800,NIFTY,2024-02-26
22198.349609375,22218.25,22085.650390625,22090.19921875,252200,NIFTY,2024-02-27
21951.150390625,22229.150390625,21915.849609375,22214.099609375,203000,NIFTY,2024-02-28
21982.80078125,22060.55078125,21860.650390625,21935.19921875,360200,NIFTY,2024-02-29
22338.75,22353.30078125,22047.75,22048.30078125,351500,NIFTY,2024-03-01
22405.599609375,22440.900390625,22358.30078125,22403.5,298800,NIFTY,2024-03-04
22356.30078125,22416.900390625,22269.150390625,22371.25,296200,NIFTY,2024-03-05
22474.05078125,22497.19921875,22224.349609375,22327.5,312300,NIFTY,2024-03-06
22493.55078125,22525.650390625,22430.0,22505.30078125,379900,NIFTY,2024-03-07
22332.650390625,22526.599609375,22307.25,22517.5,277900,NIFTY,2024-03-11
22335.69921875,22452.55078125,22256.0,22334.44921875,299200,NIFTY,2024-03-12
21997.69921875,22446.75,21905.650390625,22432.19921875,493300,NIFTY,2024-03-13
22146.650390625,22204.599609375,21917.5,21982.55078125,426700,NIFTY,2024-03-14
22023.349609375,22120.900390625,21931.69921875,22064.849609375,661500,NIFTY,2024-03-15
22055.69921875,22123.69921875,21916.55078125,21990.099609375,356300,NIFTY,2024-03-18
21817.44921875,21978.30078125,21793.099609375,21946.44921875,344200,NIFTY,2024-03-19
21839.099609375,21930.900390625,21710.19921875,21843.900390625,312400,NIFTY,2024-03-20
22011.94921875,22080.94921875,21941.30078125,21989.900390625,353200,NIFTY,2024-03-21
22096.75,22180.69921875,21883.30078125,21932.19921875,388700,NIFTY,2024-03-22
22004.69921875,22073.19921875,21947.55078125,21947.900390625,328400,NIFTY,2024-03-26
22123.650390625,22193.599609375,22052.849609375,22053.94921875,409100,NIFTY,2024-03-27
22326.900390625,22516.0,22163.599609375,22163.599609375,410500,NIFTY,2024-03-28
22462.0,22529.94921875,22427.75,22455.0,0,NIFTY,2024-04-01
22453.30078125,22497.599609375,22388.150390625,22458.80078125,289500,NIFTY,2024-04-02
22434.650390625,22521.099609375,22346.5,22385.69921875,309600,NIFTY,2024-04-03
22514.650390625,22619.0,22303.80078125,22592.099609375,401000,NIFTY,2024-04-04
22513.69921875,22537.599609375,22427.599609375,22486.400390625,242200,NIFTY,2024-04-05
22666.30078125,22697.30078125,22550.349609375,22578.349609375,227600,NIFTY,2024-04-08
22642.75,22768.400390625,22612.25,22765.099609375,232400,NIFTY,2024-04-09
22753.80078125,22775.69921875,22673.69921875,22720.25,276800,NIFTY,2024-04-10
22519.400390625,22726.44921875,22503.75,22677.400390625,357200,NIFTY,2024-04-12
22272.5,22427.44921875,22259.55078125,22339.05078125,355500,NIFTY,2024-04-15
22147.900390625,22213.75,22079.44921875,22125.30078125,317300,NIFTY,2024-04-16
21995.849609375,22326.5,21961.69921875,22212.349609375,456900,NIFTY,2024-04-18
22147.0,22179.55078125,21777.650390625,21861.5,362500,NIFTY,2024-04-19
22336.400390625,22375.650390625,22198.150390625,22336.900390625,279300,NIFTY,2024-04-22
22368.0,22447.55078125,22349.44921875,22447.05078125,231500,NIFTY,2024-04-23
22402.400390625,22476.44921875,22384.0,22421.55078125,235900,NIFTY,2024-04-24
22570.349609375,22625.94921875,22305.25,22316.900390625,475000,NIFTY,2024-04-25
22419.94921875,22620.400390625,22385.55078125,22620.400390625,329900,NIFTY,2024-04-26
22643.400390625,22655.80078125,22441.900390625,22475.55078125,292000,NIFTY,2024-04-29
22604.849609375,22783.349609375,22568.400390625,22679.650390625,361900,NIFTY,2024-04-30
22648.19921875,22710.5,22567.849609375,22567.849609375,445900,NIFTY,2024-05-02
22475.849609375,22794.69921875,22348.05078125,22766.349609375,438100,NIFTY,2024-05-03
22442.69921875,22588.80078125,22409.44921875,22561.599609375,320300,NIFTY,2024-05-06
22302.5,22499.05078125,22232.05078125,22489.75,297800,NIFTY,2024-05-07
22302.5,22368.650390625,22185.19921875,22231.19921875,277400,NIFTY,2024-05-08
21957.5,22307.75,21932.400390625,22224.80078125,331300,NIFTY,2024-05-09
22055.19921875,22131.30078125,21950.30078125,21990.94921875,265800,NIFTY,2024-05-10
22104.05078125,22131.650390625,21821.05078125,22027.94921875,278200,NIFTY,2024-05-13
22217.849609375,22270.05078125,22081.25,22112.900390625,230200,NIFTY,2024-05-14
22200.55078125,22297.55078125,22151.75,22255.599609375,231900,NIFTY,2024-05-15
22403.849609375,22432.25,22054.55078125,22319.19921875,368900,NIFTY,2024-05-16
22466.099609375,22502.150390625,22345.650390625,22415.25,242700,NIFTY,2024-05-17
22529.05078125,22591.099609375,22404.55078125,22404.55078125,347600,NIFTY,2024-05-21
22597.80078125,22629.5,22483.150390625,22576.599609375,290300,NIFTY,2024-05-22
22967.650390625,22993.599609375,22577.44921875,22614.099609375,369800,NIFTY,2024-05-23
22957.099609375,23026.400390625,22908.0,22930.75,261900,NIFTY,2024-05-24
22932.44921875,23110.80078125,22871.19921875,23038.94921875,260000,NIFTY,2024-05-27
22888.150390625,22998.55078125,22858.5,22977.150390625,217900,NIFTY,2024-05-28
22704.69921875,22825.5,22685.44921875,22762.75,269900,NIFTY,2024-05-29
22488.650390625,22705.75,22417.0,22617.44921875,373400,NIFTY,2024-05-30
22530.69921875,22653.75,22465.099609375,22568.099609375,572100,NIFTY,2024-05-31
23263.900390625,23338.69921875,23062.30078125,23337.900390625,569400,NIFTY,2024-06-03
21884.5,23179.5,21281.44921875,23179.5,1006100,NIFTY,2024-06-04
22620.349609375,22670.400390625,21791.94921875,22128.349609375,638500,NIFTY,2024-06-05
22821.400390625,22910.150390625,22642.599609375,22798.599609375,480400,NIFTY,2024-06-06
23290.150390625,23320.19921875,22789.05078125,22821.849609375,473600,NIFTY,2024-06-07
23259.19921875,23411.900390625,23227.150390625,23319.150390625,304400,NIFTY,2024-06-10
23264.849609375,23389.44921875,23206.650390625,23283.75,305200,NIFTY,2024-06-11
23322.94921875,23441.94921875,23295.94921875,23344.44921875,295600,NIFTY,2024-06-12
23398.900390625,23481.05078125,23353.900390625,23480.94921875,268300,NIFTY,2024-06-13
23465.599609375,23490.400390625,23334.25,23464.94921875,223100,NIFTY,2024-06-14
23557.900390625,23579.05078125,23499.69921875,23570.80078125,272200,NIFTY,2024-06-18
23516.0,23664.0,23412.900390625,23629.849609375,328800,NIFTY,2024-06-19
23567.0,23624.0,23442.599609375,23586.150390625,280300,NIFTY,2024-06-20
23501.099609375,23667.099609375,23398.19921875,23661.150390625,609900,NIFTY,2024-06-21
23537.849609375,23558.099609375,23350.0,23382.30078125,239400,NIFTY,2024-06-24
23721.30078125,23754.150390625,23562.05078125,23577.099609375,298100,NIFTY,2024-06-25
23868.80078125,23889.900390625,23670.44921875,23723.099609375,287800,NIFTY,2024-06-26
24044.5,24087.44921875,23805.400390625,23881.55078125,515200,NIFTY,2024-06-27
24010.599609375,24174.0,23985.80078125,24085.900390625,354800,NIFTY,2024-06-28
24141.94921875,24164.0,23992.69921875,23992.94921875,0,NIFTY,2024-07-01
24123.849609375,24236.349609375,24056.400390625,24228.75,0,NIFTY,2024-07-02
24286.5,24309.150390625,24207.099609375,24291.75,0,NIFTY,2024-07-03
24302.150390625,24401.0,24281.0,24369.94921875,251200,NIFTY,2024-07-04
24323.849609375,24363.0,24168.849609375,24213.349609375,298400,NIFTY,2024-07-05
24320.55078125,24344.599609375,24240.55078125,24329.44921875,266300,NIFTY,2024-07-08
24433.19921875,24443.599609375,24331.900390625,24351.0,250500,NIFTY,2024-07-09
24324.44921875,24461.05078125,24141.80078125,24459.849609375,292300,NIFTY,2024-07-10
24315.94921875,24402.650390625,24193.75,24396.55078125,306400,NIFTY,2024-07-11
24502.150390625,24592.19921875,24331.150390625,24387.94921875,325800,NIFTY,2024-07-12
24586.69921875,24635.05078125,24522.75,24587.599609375,305400,NIFTY,2024-07-15
24613.0,24661.25,24587.650390625,24615.900390625,283200,NIFTY,2024-07-16
24800.849609375,24837.75,24504.44921875,24543.80078125,350900,NIFTY,2024-07-18
24530.900390625,24854.80078125,24508.150390625,24853.80078125,343800,NIFTY,2024-07-19
24509.25,24595.19921875,24362.30078125,24445.75,324200,NIFTY,2024-07-22
24479.05078125,24582.55078125,24074.19921875,24568.900390625,436400,NIFTY,2024-07-23
24413.5,24504.25,24307.25,24444.94921875,366600,NIFTY,2024-07-24
24406.099609375,24426.150390625,24210.80078125,24230.94921875,391800,NIFTY,2024-07-25
24834.849609375,24861.150390625,24410.900390625,24423.349609375,383800,NIFTY,2024-07-26
24836.099609375,24999.75,24774.599609375,24943.30078125,355000,NIFTY,2024-07-29
24857.30078125,24971.75,24798.650390625,24839.400390625,385000,NIFTY,2024-07-30
24951.150390625,24984.599609375,24856.5,24886.69921875,333600,NIFTY,2024-07-31
25010.900390625,25078.30078125,24956.400390625,25030.94921875,431300,NIFTY,2024-08-01
24717.69921875,24851.900390625,24686.849609375,24789.0,345000,NIFTY,2024-08-02
24055.599609375,24350.05078125,23893.69921875,24302.849609375,487000,NIFTY,2024-08-05
23992.55078125,24382.599609375,23960.400390625,24189.849609375,312300,NIFTY,2024-08-06
24297.5,24337.69921875,24184.900390625,24289.400390625,317600,NIFTY,2024-08-07
24117.0,24340.5,24079.69921875,24248.55078125,311900,NIFTY,2024-08-08
24367.5,24419.75,24311.19921875,24386.849609375,215100,NIFTY,2024-08-09
24347.0,24472.80078125,24212.099609375,24320.05078125,279900,NIFTY,2024-08-12
24139.0,24359.94921875,24116.5,24342.349609375,239700,NIFTY,2024-08-13
24143.75,24196.5,24099.69921875,24184.400390625,303300,NIFTY,2024-08-14
24541.150390625,24563.900390625,24204.5,24334.849609375,271600,NIFTY,2024-08-16
24572.650390625,24638.80078125,24522.94921875,24636.349609375,243600,NIFTY,2024-08-19
24698.849609375,24734.30078125,24607.19921875,24648.900390625,238300,NIFTY,2024-08-20
24770.19921875,24787.94921875,24654.5,24680.55078125,257100,NIFTY,2024-08-21
24811.5,24867.349609375,24784.44921875,24863.400390625,220300,NIFTY,2024-08-22
24823.150390625,24858.400390625,24771.650390625,24845.400390625,206800,NIFTY,2024-08-23
25010.599609375,25043.80078125,24874.69921875,24906.099609375,210300,NIFTY,2024-08-26
25017.75,25073.099609375,24973.650390625,25024.80078125,223300,NIFTY,2024-08-27
25052.349609375,25129.599609375,24964.650390625,25030.80078125,220400,NIFTY,2024-08-28
25151.94921875,25192.900390625,24998.5,25035.30078125,354000,NIFTY,2024-08-29
25235.900390625,25268.349609375,25199.400390625,25249.69921875,638200,NIFTY,2024-08-30
25278.69921875,25333.650390625,25235.5,25333.599609375,222800,NIFTY,2024-09-02
25279.849609375,25321.69921875,25235.80078125,25313.400390625,212100,NIFTY,2024-09-03
25198.69921875,25216.0,25083.80078125,25089.94921875,253800,NIFTY,2024-09-04
25145.099609375,25275.44921875,25127.75,25250.5,222200,NIFTY,2024-09-05
24852.150390625,25168.75,24801.30078125,25093.69921875,311700,NIFTY,2024-09-06
24936.400390625,24957.5,24753.150390625,24823.400390625,254400,NIFTY,2024-09-09
25041.099609375,25130.5,24896.80078125,24999.400390625,251300,NIFTY,2024-09-10
24918.44921875,25113.69921875,24885.150390625,25034.0,279200,NIFTY,2024-09-11
25388.900390625,25433.349609375,24941.44921875,25059.650390625,380100,NIFTY,2024-09-12
25356.5,25430.5,25292.44921875,25430.44921875,250800,NIFTY,2024-09-13
25383.75,25445.69921875,25336.19921875,25406.650390625,168700,NIFTY,2024-09-16
25418.55078125,25441.650390625,25352.25,25416.900390625,216000,NIFTY,2024-09-17
25377.55078125,25482.19921875,25285.55078125,25402.400390625,215700,NIFTY,2024-09-18
25415.80078125,25611.94921875,25376.05078125,25487.05078125,314500,NIFTY,2024-09-19
25790.94921875,25849.25,25426.599609375,25525.94921875,533100,NIFTY,2024-09-20
25939.05078125,25956.0,25847.349609375,25872.55078125,209200,NIFTY,2024-09-23
25940.400390625,26011.55078125,25886.849609375,25921.44921875,384100,NIFTY,2024-09-24
26004.150390625,26032.80078125,25871.349609375,25899.44921875,278500,NIFTY,2024-09-25
26216.05078125,26250.900390625,25998.400390625,26005.400390625,370900,NIFTY,2024-09-26
26178.94921875,26277.349609375,26151.400390625,26248.25,490300,NIFTY,2024-09-27
25810.849609375,26134.69921875,25794.099609375,26061.30078125,343100,NIFTY,2024-09-30
25796.900390625,25907.599609375,25739.19921875,25788.44921875,247400,NIFTY,2024-10-01
25250.099609375,25639.44921875,25230.30078125,25452.849609375,423400,NIFTY,2024-10-03
25014.599609375,25485.05078125,24966.80078125,25181.900390625,374900,NIFTY,2024-10-04
24795.75,25143.0,24694.349609375,25084.099609375,374300,NIFTY,2024-10-07
25013.150390625,25044.0,24756.80078125,24832.19921875,333200,NIFTY,2024-10-08
24981.94921875,25234.05078125,24947.69921875,25065.80078125,290600,NIFTY,2024-10-09
24998.44921875,25134.05078125,24979.400390625,25067.05078125,261400,NIFTY,2024-10-10
24964.25,25028.650390625,24920.05078125,24985.30078125,210500,NIFTY,2024-10-11
25127.94921875,25159.75,25017.5,25023.44921875,206400,NIFTY,2024-10-14
25057.349609375,25212.05078125,25008.150390625,25186.30078125,257200,NIFTY,2024-10-15
24971.30078125,25093.400390625,24908.44921875,25008.55078125,226800,NIFTY,2024-10-16
24749.849609375,25029.5,24728.900390625,25027.400390625,252800,NIFTY,2024-10-17
24854.05078125,24886.19921875,24567.650390625,24664.94921875,290900,NIFTY,2024-10-18
24781.099609375,24978.30078125,24679.599609375,24956.150390625,242000,NIFTY,2024-10-21
24472.099609375,24882.0,24445.80078125,24798.650390625,279500,NIFTY,2024-10-22
24435.5,24604.25,24378.099609375,24378.150390625,284600,NIFTY,2024-10-23
24399.400390625,24480.650390625,24341.19921875,24412.69921875,216700,NIFTY,2024-10-24
24180.80078125,24440.25,24073.900390625,24418.05078125,372600,NIFTY,2024-10-25
24339.150390625,24492.599609375,24134.900390625,24251.099609375,278600,NIFTY,2024-10-28
24466.849609375,24484.5,24140.849609375,24328.849609375,332000,NIFTY,2024-10-29
24340.849609375,24498.19921875,24307.30078125,24371.44921875,285200,NIFTY,2024-10-30
24205.349609375,24372.44921875,24172.599609375,24349.849609375,287000,NIFTY,2024-10-31
24304.349609375,24368.25,24280.19921875,24302.75,38800,NIFTY,2024-11-01
23995.349609375,24316.75,23816.150390625,24315.75,285500,NIFTY,2024-11-04
24213.30078125,24229.05078125,23842.75,23916.5,289500,NIFTY,2024-11-05
24484.05078125,24537.599609375,24204.05078125,24308.75,351100,NIFTY,2024-11-06
24199.349609375,24503.349609375,24179.05078125,24489.599609375,322200,NIFTY,2024-11-07
24148.19921875,24276.150390625,24066.650390625,24207.69921875,298700,NIFTY,2024-11-08
24141.30078125,24336.80078125,24004.599609375,24087.25,273400,NIFTY,2024-11-11
23883.44921875,24242.0,23839.150390625,24225.80078125,255800,NIFTY,2024-11-12
23559.05078125,23873.599609375,23509.599609375,23822.44921875,304600,NIFTY,2024-11-13
23532.69921875,23675.900390625,23484.150390625,23542.150390625,257700,NIFTY,2024-11-14
23453.80078125,23606.80078125,23350.400390625,23605.30078125,263300,NIFTY,2024-11-18
23518.5,23780.650390625,23464.80078125,23529.55078125,297500,NIFTY,2024-11-19
23349.900390625,23507.30078125,23263.150390625,23488.44921875,420300,NIFTY,2024-11-21
23907.25,23956.099609375,23359.0,23411.80078125,367600,NIFTY,2024-11-22
24221.900390625,24351.55078125,24135.44921875,24253.55078125,687200,NIFTY,2024-11-25
24194.5,24343.30078125,24125.400390625,24343.30078125,230700,NIFTY,2024-11-26
24274.900390625,24354.55078125,24145.650390625,24204.80078125,295000,NIFTY,2024-11-27
23914.150390625,24345.75,23873.349609375,24274.150390625,366700,NIFTY,2024-11-28
24131.099609375,24188.44921875,23927.150390625,23927.150390625,282100,NIFTY,2024-11-29
24276.05078125,24301.69921875,24008.650390625,24140.849609375,220400,NIFTY,2024-12-02
24457.150390625,24481.349609375,24280.0,24367.5,339500,NIFTY,2024-12-03
24467.44921875,24573.19921875,24366.30078125,24488.75,348000,NIFTY,2024-12-04
24708.400390625,24857.75,24295.55078125,24539.150390625,361500,NIFTY,2024-12-05
24677.80078125,24751.05078125,24620.5,24729.44921875,226700,NIFTY,2024-12-06
24619.0,24705.0,24580.05078125,24633.900390625,248100,NIFTY,2024-12-09
24610.05078125,24677.80078125,24510.650390625,24652.650390625,261000,NIFTY,2024-12-10
24641.80078125,24691.75,24583.849609375,24620.5,187300,NIFTY,2024-12-11
24548.69921875,24675.25,24527.94921875,24604.44921875,266100,NIFTY,2024-12-12
24768.30078125,24792.30078125,24180.80078125,24498.349609375,310100,NIFTY,2024-12-13
24668.25,24781.25,24601.75,24753.400390625,187600,NIFTY,2024-12-16
24336.0,24624.099609375,24303.44921875,24584.80078125,264900,NIFTY,2024-12-17
24198.849609375,24394.44921875,24149.849609375,24297.94921875,235300,NIFTY,2024-12-18
23951.69921875,24004.900390625,23870.30078125,23877.150390625,271100,NIFTY,2024-12-19
23587.5,24065.80078125,23537.349609375,23960.69921875,442700,NIFTY,2024-12-20
23753.44921875,23869.55078125,23647.19921875,23738.19921875,189800,NIFTY,2024-12-23
23727.650390625,23867.650390625,23685.150390625,23769.099609375,177700,NIFTY,2024-12-24
23750.19921875,23854.5,23653.599609375,23775.80078125,177700,NIFTY,2024-12-26
23813.400390625,23938.849609375,23800.599609375,23801.400390625,176800,NIFTY,2024-12-27
23644.900390625,23915.349609375,23599.30078125,23796.900390625,364900,NIFTY,2024-12-30
23644.80078125,23689.849609375,23460.44921875,23560.599609375,193600,NIFTY,2024-12-31
